Date,Home Odds,Vis Odds,Home,Visitor,Home PTS,Vis PTS
2020-10-11,3.01,1.42,Miami Heat,Los Angeles Lakers,93,106
2020-10-09,1.31,3.61,Los Angeles Lakers,Miami Heat,108,111
2020-10-06,3.76,1.30,Miami Heat,Los Angeles Lakers,96,102
2020-10-04,4.40,1.23,Miami Heat,Los Angeles Lakers,115,104
2020-10-02,1.17,5.43,Los Angeles Lakers,Miami Heat,124,114
2020-09-30,1.53,2.63,Los Angeles Lakers,Miami Heat,116,98
2020-09-27,2.26,1.69,Miami Heat,Boston Celtics,125,113
2020-09-26,1.47,2.79,Los Angeles Lakers,Denver Nuggets,117,107
2020-09-25,1.63,2.37,Boston Celtics,Miami Heat,121,108
2020-09-24,3.04,1.41,Denver Nuggets,Los Angeles Lakers,108,114
2020-09-23,2.36,1.63,Miami Heat,Boston Celtics,112,109
2020-09-22,3.13,1.39,Denver Nuggets,Los Angeles Lakers,114,106
2020-09-20,1.33,3.51,Los Angeles Lakers,Denver Nuggets,105,103
2020-09-19,2.39,1.62,Miami Heat,Boston Celtics,106,117
2020-09-18,1.34,3.40,Los Angeles Lakers,Denver Nuggets,126,114
2020-09-17,1.68,2.26,Boston Celtics,Miami Heat,101,106
2020-09-15,1.31,3.61,Los Angeles Clippers,Denver Nuggets,89,104
2020-09-15,1.77,2.12,Boston Celtics,Miami Heat,114,117 
2020-09-13,4.01,1.27,Denver Nuggets,Los Angeles Clippers,111,98
2020-09-12,1.40,3.08,Los Angeles Lakers,Houston Rockets,119,96
2020-09-11,2.25,1.69,Toronto Raptors,Boston Celtics,87,92
2020-09-11,1.25,4.22,Los Angeles Clippers,Denver Nuggets,105,111
2020-09-10,2.76,1.48,Houston Rockets,Los Angeles Lakers,100,110
2020-09-09,3.57,1.32,Denver Nuggets,Los Angeles Clippers,85,96
2020-09-09,1.69,2.25,Boston Celtics,Toronto Raptors,122,125 
2020-09-08,2.53,1.56,Houston Rockets,Los Angeles Lakers,102,112
2020-09-08,2.81,1.47,Milwaukee Bucks,Miami Heat,94,103
2020-09-07,4.46,1.23,Denver Nuggets,Los Angeles Clippers,107,113
2020-09-07,2.04,1.82,Toronto Raptors,Boston Celtics,89,111
2020-09-06,1.42,2.99,Los Angeles Lakers,Houston Rockets,117,109
2020-09-06,2.06,1.81,Miami Heat,Milwaukee Bucks,115,118 
2020-09-05,1.23,4.46,Los Angeles Clippers,Denver Nuggets,101,110
2020-09-05,1.78,2.10,Boston Celtics,Toronto Raptors,93,100
2020-09-04,1.34,3.45,Los Angeles Lakers,Houston Rockets,97,112
2020-09-04,2.75,1.48,Miami Heat,Milwaukee Bucks,115,100
2020-09-03,1.22,4.65,Los Angeles Clippers,Denver Nuggets,120,97
2020-09-03,2.21,1.71,Boston Celtics,Toronto Raptors,103,104
2020-09-02,1.46,2.83,Houston Rockets,Oklahoma City Thunder,104,102
2020-09-02,1.42,2.99,Milwaukee Bucks,Miami Heat,114,116
2020-09-01,1.83,2.03,Denver Nuggets,Utah Jazz,80,78
2020-09-01,1.82,2.04,Toronto Raptors,Boston Celtics,99,102
2020-08-31,2.93,1.44,Oklahoma City Thunder,Houston Rockets,104,100
2020-08-31,1.47,2.79,Milwaukee Bucks,Miami Heat,104,115
2020-08-30,1.72,2.19,Utah Jazz,Denver Nuggets,107,119
2020-08-30,4.80,1.21,Dallas Mavericks,Los Angeles Clippers,97,111
2020-08-30,1.76,2.09,Toronto Raptors,Boston Celtics,94,112
2020-08-29,1.09,8.56,Los Angeles Lakers,Portland Trail Blazers,131,122
2020-08-29,1.49,2.74,Houston Rockets,Oklahoma City Thunder,114,80
2020-08-29,1.10,7.87,Milwaukee Bucks,Orlando Magic,118,104
2020-08-25,1.27,4.03,Los Angeles Clippers,Dallas Mavericks,154,111
2020-08-25,2.19,1.73,Denver Nuggets,Utah Jazz,117,107
2020-08-24,3.78,1.29,Portland Trail Blazers,Los Angeles Lakers,115,135
2020-08-24,1.37,3.24,Miami Heat,Indiana Pacers,99,87
2020-08-24,2.25,1.69,Oklahoma City Thunder,Houston Rockets,117,114
2020-08-24,8.09,1.10,Orlando Magic,Milwaukee Bucks,106,121
2020-08-23,1.63,2.37,Utah Jazz,Denver Nuggets,129,127
2020-08-23,8.63,1.09,Brooklyn Nets,Toronto Raptors,122,150
2020-08-23,3.49,1.33,Dallas Mavericks,Los Angeles Clippers,135,133 
2020-08-23,3.50,1.33,Philadelphia 76ers,Boston Celtics,106,110
2020-08-22,3.81,1.29,Portland Trail Blazers,Los Angeles Lakers,108,116
2020-08-22,2.13,1.77,Oklahoma City Thunder,Houston Rockets,119,107 
2020-08-22,1.49,2.75,Miami Heat,Indiana Pacers,124,115
2020-08-22,7.65,1.10,Orlando Magic,Milwaukee Bucks,107,121
2020-08-21,2.80,1.47,Dallas Mavericks,Los Angeles Clippers,122,130
2020-08-21,2.98,1.43,Philadelphia 76ers,Boston Celtics,94,102
2020-08-21,1.87,1.99,Utah Jazz,Denver Nuggets,124,87
2020-08-21,5.71,1.16,Brooklyn Nets,Toronto Raptors,92,117
2020-08-20,1.35,3.36,Los Angeles Lakers,Portland Trail Blazers,111,88
2020-08-20,1.10,7.99,Milwaukee Bucks,Orlando Magic,111,96
2020-08-20,1.77,2.12,Houston Rockets,Oklahoma City Thunder,111,98
2020-08-20,2.54,1.57,Indiana Pacers,Miami Heat,100,109
2020-08-19,1.47,2.83,Los Angeles Clippers,Dallas Mavericks,114,127
2020-08-19,1.52,2.66,Boston Celtics,Philadelphia 76ers,128,101
2020-08-19,1.64,2.37,Denver Nuggets,Utah Jazz,105,124
2020-08-19,1.13,6.48,Toronto Raptors,Brooklyn Nets,104,99
2020-08-18,1.36,3.30,Los Angeles Lakers,Portland Trail Blazers,93,100
2020-08-18,1.97,1.90,Houston Rockets,Oklahoma City Thunder,123,108
2020-08-18,2.48,1.58,Indiana Pacers,Miami Heat,101,113
2020-08-18,1.07,9.84,Milwaukee Bucks,Orlando Magic,110,122
2020-08-17,1.35,3.37,Los Angeles Clippers,Dallas Mavericks,118,110
2020-08-17,1.39,3.18,Boston Celtics,Philadelphia 76ers,109,101
2020-08-17,1.20,4.99,Toronto Raptors,Brooklyn Nets,134,110
2020-08-17,1.54,2.62,Denver Nuggets,Utah Jazz,135,125 
2020-08-15,1.39,3.17,Portland Trail Blazers,Memphis Grizzlies,126,122
2020-08-14,1.70,2.24,Houston Rockets,Philadelphia 76ers,96,134
2020-08-14,1.53,2.68,Los Angeles Clippers,Oklahoma City Thunder,107,103 
2020-08-14,1.98,1.88,Indiana Pacers,Miami Heat,109,92
2020-08-14,2.15,1.75,Toronto Raptors,Denver Nuggets,117,109
2020-08-13,5.25,1.18,Brooklyn Nets,Portland Trail Blazers,133,134
2020-08-13,1.60,2.45,Orlando Magic,New Orleans Pelicans,133,127
2020-08-13,3.32,1.36,Utah Jazz,San Antonio Spurs,118,112
2020-08-13,1.61,2.43,Memphis Grizzlies,Milwaukee Bucks,119,106
2020-08-13,1.27,4.03,Phoenix Suns,Dallas Mavericks,128,102
2020-08-13,1.62,2.41,Los Angeles Lakers,Sacramento Kings,122,136
2020-08-13,2.08,1.81,Boston Celtics,Washington Wizards,90,96
2020-08-12,2.79,1.48,Denver Nuggets,Los Angeles Clippers,111,124
2020-08-12,2.42,1.61,Oklahoma City Thunder,Miami Heat,116,115
2020-08-12,3.00,1.42,Philadelphia 76ers,Toronto Raptors,121,125
2020-08-12,1.37,3.29,Houston Rockets,Indiana Pacers,104,108
2020-08-11,4.15,1.26,Washington Wizards,Milwaukee Bucks,113,126
2020-08-11,1.68,2.27,Sacramento Kings,New Orleans Pelicans,112,106
2020-08-11,2.22,1.72,Dallas Mavericks,Portland Trail Blazers,131,134
2020-08-11,2.61,1.54,Memphis Grizzlies,Boston Celtics,107,122
2020-08-11,4.84,1.21,Philadelphia 76ers,Phoenix Suns,117,130
2020-08-11,1.57,2.52,San Antonio Spurs,Houston Rockets,123,105
2020-08-11,1.52,2.67,Orlando Magic,Brooklyn Nets,96,108
2020-08-10,1.48,2.79,Los Angeles Lakers,Denver Nuggets,124,121
2020-08-10,1.59,2.49,Miami Heat,Indiana Pacers,114,92
2020-08-10,1.47,2.82,Milwaukee Bucks,Toronto Raptors,106,114
2020-08-10,1.44,2.91,Utah Jazz,Dallas Mavericks,114,122
2020-08-10,1.28,3.89,Phoenix Suns,Oklahoma City Thunder,128,101
2020-08-09,1.24,4.46,Los Angeles Clippers,Brooklyn Nets,120,129
2020-08-09,2.63,1.53,Sacramento Kings,Houston Rockets,112,129
2020-08-09,1.71,2.22,Portland Trail Blazers,Philadelphia 76ers,124,121
2020-08-09,1.26,4.11,Boston Celtics,Orlando Magic,122,119 
2020-08-09,1.60,2.46,New Orleans Pelicans,San Antonio Spurs,113,122
2020-08-09,1.34,3.48,Toronto Raptors,Memphis Grizzlies,108,99
2020-08-09,1.23,4.49,Oklahoma City Thunder,Washington Wizards,121,103
2020-08-08,2.96,1.43,Dallas Mavericks,Milwaukee Bucks,136,132 
2020-08-08,2.44,1.60,Miami Heat,Phoenix Suns,112,119
2020-08-08,2.85,1.46,Indiana Pacers,Los Angeles Lakers,116,111
2020-08-08,1.88,1.98,Denver Nuggets,Utah Jazz,134,132 
2020-08-08,1.55,2.58,Portland Trail Blazers,Los Angeles Clippers,117,122
2020-08-07,1.83,2.04,Toronto Raptors,Boston Celtics,100,122
2020-08-07,1.28,3.93,New Orleans Pelicans,Washington Wizards,118,107
2020-08-07,1.49,2.75,Philadelphia 76ers,Orlando Magic,108,101
2020-08-07,2.80,1.47,Brooklyn Nets,Sacramento Kings,119,106
2020-08-07,2.35,1.65,Memphis Grizzlies,Oklahoma City Thunder,121,92
2020-08-07,1.25,4.29,San Antonio Spurs,Utah Jazz,119,111
2020-08-06,1.65,2.33,Houston Rockets,Los Angeles Lakers,113,97
2020-08-06,2.63,1.53,Denver Nuggets,Portland Trail Blazers,115,125
2020-08-06,2.53,1.57,Dallas Mavericks,Los Angeles Clippers,111,126
2020-08-06,1.23,4.50,Milwaukee Bucks,Miami Heat,130,116
2020-08-06,2.03,1.84,Phoenix Suns,Indiana Pacers,114,99
2020-08-06,2.58,1.55,Sacramento Kings,New Orleans Pelicans,140,125
2020-08-05,1.24,4.40,Boston Celtics,Brooklyn Nets,149,115
2020-08-05,3.63,1.31,Orlando Magic,Toronto Raptors,99,109
2020-08-05,1.46,2.83,Los Angeles Lakers,Oklahoma City Thunder,86,105
2020-08-05,2.10,1.78,San Antonio Spurs,Denver Nuggets,126,132
2020-08-05,5.38,1.18,Washington Wizards,Philadelphia 76ers,98,107
2020-08-05,1.48,2.77,Utah Jazz,Memphis Grizzlies,124,115
2020-08-04,2.38,1.63,Portland Trail Blazers,Houston Rockets,110,102
2020-08-04,2.68,1.51,Miami Heat,Boston Celtics,112,106
2020-08-04,2.01,1.85,Indiana Pacers,Orlando Magic,120,109
2020-08-04,1.26,4.16,Los Angeles Clippers,Phoenix Suns,115,117
2020-08-04,2.91,1.45,Sacramento Kings,Dallas Mavericks,110,114 
2020-08-04,1.03,16.49,Milwaukee Bucks,Brooklyn Nets,116,119
2020-08-03,3.11,1.40,Utah Jazz,Los Angeles Lakers,108,116
2020-08-03,1.32,3.60,Philadelphia 76ers,San Antonio Spurs,132,130
2020-08-03,1.50,2.70,New Orleans Pelicans,Memphis Grizzlies,109,99
2020-08-03,1.44,2.91,Oklahoma City Thunder,Denver Nuggets,113,121 
2020-08-03,4.24,1.25,Washington Wizards,Indiana Pacers,100,111
2020-08-03,2.27,1.69,Miami Heat,Toronto Raptors,103,107
2020-08-02,3.08,1.41,Phoenix Suns,Dallas Mavericks,117,115
2020-08-02,2.72,1.50,Houston Rockets,Milwaukee Bucks,120,116
2020-08-02,1.79,2.09,Orlando Magic,Sacramento Kings,132,116
2020-08-02,1.69,2.26,Memphis Grizzlies,San Antonio Spurs,106,108
2020-08-02,1.57,2.51,Boston Celtics,Portland Trail Blazers,128,124
2020-08-02,1.59,2.46,Brooklyn Nets,Washington Wizards,118,110
2020-08-01,2.22,1.71,Toronto Raptors,Los Angeles Lakers,107,92
2020-08-01,3.17,1.39,Indiana Pacers,Philadelphia 76ers,127,121
2020-08-01,1.47,2.81,Los Angeles Clippers,New Orleans Pelicans,126,103
2020-08-01,1.90,1.95,Oklahoma City Thunder,Utah Jazz,110,94
2020-08-01,2.46,1.59,Denver Nuggets,Miami Heat,105,125
2020-07-31,2.01,1.86,Dallas Mavericks,Houston Rockets,149,153 
2020-07-31,2.39,1.63,San Antonio Spurs,Sacramento Kings,129,120
2020-07-31,1.58,2.49,Milwaukee Bucks,Boston Celtics,119,112
2020-07-31,1.63,2.39,Portland Trail Blazers,Memphis Grizzlies,140,135 
2020-07-31,3.55,1.32,Washington Wizards,Phoenix Suns,112,125
2020-07-31,3.67,1.31,Brooklyn Nets,Orlando Magic,118,128
2020-07-30,1.57,2.51,Los Angeles Lakers,Los Angeles Clippers,103,101
2020-07-30,1.72,2.18,New Orleans Pelicans,Utah Jazz,104,106
2020-07-28,2.07,1.76,Philadelphia 76ers,Dallas Mavericks,115,118 
2020-07-28,1.50,2.60,Houston Rockets,Boston Celtics,137,112
2020-07-28,2.80,1.44,Portland Trail Blazers,Oklahoma City Thunder,120,131
2020-07-28,1.53,2.53,Indiana Pacers,San Antonio Spurs,111,118
2020-07-28,2.83,1.43,Phoenix Suns,Toronto Raptors,117,106
2020-07-28,1.57,2.43,Miami Heat,Memphis Grizzlies,110,128
2020-07-27,1.34,3.26,Milwaukee Bucks,New Orleans Pelicans,103,124
2020-07-27,1.55,2.48,Denver Nuggets,Orlando Magic,110,114
2020-07-27,3.36,1.32,Brooklyn Nets,Utah Jazz,107,112
2020-07-27,1.48,2.68,Los Angeles Clippers,Sacramento Kings,102,106
2020-07-27,1.66,2.23,Los Angeles Lakers,Washington Wizards,123,116
2020-07-26,2.68,1.47,Memphis Grizzlies,Houston Rockets,104,119
2020-07-26,1.36,3.14,Toronto Raptors,Portland Trail Blazers,110,104
2020-07-26,1.46,2.72,Dallas Mavericks,Indiana Pacers,111,118
2020-07-26,1.42,2.90,Boston Celtics,Phoenix Suns,117,103
2020-07-26,1.85,1.96,Oklahoma City Thunder,Philadelphia 76ers,102,97
2020-07-25,2.07,1.74,New Orleans Pelicans,Denver Nuggets,119,104
2020-07-25,3.73,1.27,Washington Wizards,Los Angeles Clippers,100,105
2020-07-25,1.37,3.06,San Antonio Spurs,Brooklyn Nets,119,124
2020-07-25,2.10,1.73,Utah Jazz,Miami Heat,101,99
2020-07-25,4.45,1.20,Sacramento Kings,Milwaukee Bucks,123,131
2020-07-25,3.02,1.39,Orlando Magic,Los Angeles Lakers,112,119
2020-07-24,1.70,2.14,Toronto Raptors,Houston Rockets,94,83
2020-07-24,1.69,2.17,Boston Celtics,Oklahoma City Thunder,84,98
2020-07-24,1.51,2.54,Philadelphia 76ers,Memphis Grizzlies,90,83
2020-07-23,1.39,3.02,Utah Jazz,Phoenix Suns,88,101
2020-07-23,1.63,2.31,Los Angeles Lakers,Dallas Mavericks,104,108
2020-07-23,2.71,1.46,Indiana Pacers,Portland Trail Blazers,91,88
2020-07-23,1.23,4.23,Milwaukee Bucks,San Antonio Spurs,113,92
2020-07-22,1.44,2.79,Miami Heat,Sacramento Kings,104,98
2020-07-22,2.76,1.45,Brooklyn Nets,New Orleans Pelicans,68,99
2020-07-22,1.47,2.70,Denver Nuggets,Washington Wizards,89,82
2020-07-22,1.66,2.25,Los Angeles Clippers,Orlando Magic,99,90
2020-03-11,2.21,1.71,Dallas Mavericks,Denver Nuggets,113,97
2020-03-11,1.49,2.72,Atlanta Hawks,New York Knicks,131,136 
2020-03-11,1.15,5.94,Miami Heat,Charlotte Hornets,98,109
2020-03-11,1.12,6.80,Philadelphia 76ers,Detroit Pistons,124,106
2020-03-10,7.32,1.11,Golden State Warriors,Los Angeles Clippers,107,131
2020-03-10,1.12,6.72,Los Angeles Lakers,Brooklyn Nets,102,104
2020-03-10,1.42,2.98,Portland Trail Blazers,Phoenix Suns,121,105
2020-03-10,1.56,2.51,Chicago Bulls,Cleveland Cavaliers,108,103
2020-03-10,1.11,7.29,Houston Rockets,Minnesota Timberwolves,117,111
2020-03-10,1.76,2.12,Memphis Grizzlies,Orlando Magic,115,120
2020-03-10,2.45,1.59,San Antonio Spurs,Dallas Mavericks,119,109
2020-03-10,2.26,1.68,Indiana Pacers,Boston Celtics,111,114
2020-03-10,1.49,2.72,Washington Wizards,New York Knicks,122,115
2020-03-09,1.38,3.20,Denver Nuggets,Milwaukee Bucks,109,95
2020-03-09,1.44,2.90,Utah Jazz,Toronto Raptors,92,101
2020-03-09,1.50,2.71,Atlanta Hawks,Charlotte Hornets,143,138 
2020-03-08,2.69,1.50,Sacramento Kings,Toronto Raptors,113,118
2020-03-08,2.61,1.53,Cleveland Cavaliers,San Antonio Spurs,132,129 
2020-03-08,1.43,2.94,New York Knicks,Detroit Pistons,96,84
2020-03-08,1.40,3.10,Dallas Mavericks,Indiana Pacers,109,112
2020-03-08,1.30,3.74,Houston Rockets,Orlando Magic,106,126
2020-03-08,2.79,1.47,Washington Wizards,Miami Heat,89,100
2020-03-08,1.40,3.05,Boston Celtics,Oklahoma City Thunder,104,105
2020-03-08,3.19,1.38,Phoenix Suns,Milwaukee Bucks,140,131
2020-03-08,1.73,2.17,Los Angeles Clippers,Los Angeles Lakers,103,112
2020-03-08,3.36,1.35,Minnesota Timberwolves,New Orleans Pelicans,107,120
2020-03-08,1.41,3.03,Brooklyn Nets,Chicago Bulls,110,107
2020-03-08,1.75,2.13,Portland Trail Blazers,Sacramento Kings,111,123
2020-03-08,2.43,1.60,Golden State Warriors,Philadelphia 76ers,118,114
2020-03-08,1.41,3.02,Memphis Grizzlies,Atlanta Hawks,118,101
2020-03-08,4.67,1.21,Cleveland Cavaliers,Denver Nuggets,104,102
2020-03-08,3.93,1.27,Detroit Pistons,Utah Jazz,105,111
2020-03-08,3.78,1.29,Charlotte Hornets,Houston Rockets,108,99
2020-03-07,1.84,2.02,Los Angeles Lakers,Milwaukee Bucks,113,103
2020-03-07,2.41,1.61,Phoenix Suns,Portland Trail Blazers,127,117
2020-03-07,1.33,3.45,Dallas Mavericks,Memphis Grizzlies,121,96
2020-03-07,1.85,2.00,Boston Celtics,Utah Jazz,94,99
2020-03-07,2.18,1.72,Chicago Bulls,Indiana Pacers,102,108
2020-03-07,2.19,1.71,Minnesota Timberwolves,Orlando Magic,118,132
2020-03-07,1.83,2.02,New Orleans Pelicans,Miami Heat,110,104
2020-03-07,1.68,2.26,Brooklyn Nets,San Antonio Spurs,139,120
2020-03-07,2.99,1.42,New York Knicks,Oklahoma City Thunder,103,126
2020-03-07,1.47,2.81,Washington Wizards,Atlanta Hawks,118,112
2020-03-06,4.36,1.24,Golden State Warriors,Toronto Raptors,113,121
2020-03-06,1.46,2.81,Sacramento Kings,Philadelphia 76ers,108,125
2020-03-06,1.97,1.88,Houston Rockets,Los Angeles Clippers,105,120
2020-03-06,4.66,1.21,Charlotte Hornets,Denver Nuggets,112,114
2020-03-05,1.30,3.69,Portland Trail Blazers,Washington Wizards,125,104
2020-03-05,1.40,3.07,Dallas Mavericks,New Orleans Pelicans,127,123 
2020-03-05,1.81,2.05,Minnesota Timberwolves,Chicago Bulls,115,108
2020-03-05,1.84,2.01,Brooklyn Nets,Memphis Grizzlies,79,118
2020-03-05,1.36,3.27,Miami Heat,Orlando Magic,116,113
2020-03-05,4.07,1.26,New York Knicks,Utah Jazz,104,112
2020-03-05,2.47,1.58,Cleveland Cavaliers,Boston Celtics,106,112
2020-03-05,4.05,1.26,Detroit Pistons,Oklahoma City Thunder,107,114
2020-03-05,1.15,5.92,Milwaukee Bucks,Indiana Pacers,119,100
2020-03-04,1.11,7.34,Los Angeles Lakers,Philadelphia 76ers,120,107
2020-03-04,1.42,2.98,Sacramento Kings,Washington Wizards,133,126
2020-03-04,1.05,11.40,Denver Nuggets,Golden State Warriors,100,116
2020-03-04,2.39,1.61,Phoenix Suns,Toronto Raptors,114,123
2020-03-04,1.16,5.70,New Orleans Pelicans,Minnesota Timberwolves,134,139
2020-03-04,2.65,1.51,Oklahoma City Thunder,Los Angeles Clippers,94,109
2020-03-04,1.37,3.22,Boston Celtics,Brooklyn Nets,120,129 
2020-03-04,2.43,1.60,Charlotte Hornets,San Antonio Spurs,103,104
2020-03-02,2.13,1.76,San Antonio Spurs,Indiana Pacers,111,116
2020-03-02,3.35,1.35,Chicago Bulls,Dallas Mavericks,109,107
2020-03-02,1.76,2.12,Atlanta Hawks,Memphis Grizzlies,88,127
2020-03-02,2.65,1.51,Miami Heat,Milwaukee Bucks,105,89
2020-03-02,5.28,1.18,Cleveland Cavaliers,Utah Jazz,113,126
2020-03-02,5.19,1.18,New York Knicks,Houston Rockets,125,123
2020-03-02,1.39,3.14,Orlando Magic,Portland Trail Blazers,107,130
2020-03-01,3.52,1.32,Golden State Warriors,Washington Wizards,110,124
2020-03-01,1.81,2.05,New Orleans Pelicans,Los Angeles Lakers,114,122
2020-03-01,1.69,2.24,Denver Nuggets,Toronto Raptors,133,118
2020-03-01,1.22,4.61,Sacramento Kings,Detroit Pistons,106,100
2020-03-01,1.08,8.71,Los Angeles Clippers,Philadelphia 76ers,136,130
2020-03-01,2.92,1.44,Minnesota Timberwolves,Dallas Mavericks,91,111
2020-03-01,7.46,1.11,Charlotte Hornets,Milwaukee Bucks,85,93
2020-02-29,1.20,4.94,Phoenix Suns,Golden State Warriors,99,115
2020-02-29,2.00,1.85,Boston Celtics,Houston Rockets,110,111 
2020-02-29,1.59,2.45,San Antonio Spurs,Orlando Magic,114,113
2020-02-29,4.42,1.23,Cleveland Cavaliers,Indiana Pacers,104,113
2020-02-29,5.75,1.16,Memphis Grizzlies,Los Angeles Lakers,105,88
2020-02-29,1.72,2.19,Atlanta Hawks,Portland Trail Blazers,129,117
2020-02-29,1.32,3.55,Miami Heat,Brooklyn Nets,116,113
2020-02-29,1.71,2.21,New York Knicks,Chicago Bulls,125,115
2020-02-29,1.37,3.24,Los Angeles Clippers,Denver Nuggets,132,103
2020-02-29,1.24,4.27,Phoenix Suns,Detroit Pistons,111,113
2020-02-29,1.18,5.20,Utah Jazz,Washington Wizards,129,119
2020-02-29,1.74,2.14,Memphis Grizzlies,Sacramento Kings,101,104
2020-02-29,1.71,2.19,Miami Heat,Dallas Mavericks,126,118
2020-02-29,1.17,5.35,Milwaukee Bucks,Oklahoma City Thunder,133,86
2020-02-29,1.10,7.74,New Orleans Pelicans,Cleveland Cavaliers,116,104
2020-02-28,2.17,1.72,Atlanta Hawks,Brooklyn Nets,141,118
2020-02-28,1.08,8.48,Toronto Raptors,Charlotte Hornets,96,99
2020-02-28,1.29,3.74,Orlando Magic,Minnesota Timberwolves,136,125
2020-02-28,5.46,1.17,Golden State Warriors,Los Angeles Lakers,86,116
2020-02-28,1.18,5.08,Indiana Pacers,Portland Trail Blazers,106,100
2020-02-28,1.32,3.52,Oklahoma City Thunder,Sacramento Kings,112,108
2020-02-28,1.31,3.59,Philadelphia 76ers,New York Knicks,115,106
2020-02-27,1.49,2.71,Utah Jazz,Boston Celtics,103,114
2020-02-27,3.65,1.30,Phoenix Suns,Los Angeles Clippers,92,102
2020-02-27,2.51,1.56,San Antonio Spurs,Dallas Mavericks,103,109
2020-02-27,1.12,6.88,Houston Rockets,Memphis Grizzlies,140,112
2020-02-27,2.18,1.71,Atlanta Hawks,Orlando Magic,120,130
2020-02-27,1.13,6.37,Miami Heat,Minnesota Timberwolves,126,129
2020-02-27,2.04,1.82,Charlotte Hornets,New York Knicks,107,101
2020-02-27,3.64,1.30,Cleveland Cavaliers,Philadelphia 76ers,108,94
2020-02-27,2.04,1.81,Washington Wizards,Brooklyn Nets,110,106
2020-02-26,3.46,1.33,Golden State Warriors,Sacramento Kings,94,112
2020-02-26,1.31,3.60,Los Angeles Lakers,New Orleans Pelicans,118,109
2020-02-26,3.35,1.34,Portland Trail Blazers,Boston Celtics,106,118
2020-02-26,1.09,8.21,Denver Nuggets,Detroit Pistons,115,98
2020-02-26,3.50,1.32,Chicago Bulls,Oklahoma City Thunder,122,124
2020-02-26,1.91,1.93,Toronto Raptors,Milwaukee Bucks,97,108
2020-02-26,1.14,6.11,Indiana Pacers,Charlotte Hornets,119,80
2020-02-25,1.15,5.86,Los Angeles Clippers,Memphis Grizzlies,124,97
2020-02-25,1.26,3.96,Utah Jazz,Phoenix Suns,111,131
2020-02-25,1.08,8.40,Dallas Mavericks,Minnesota Timberwolves,139,123
2020-02-25,1.10,7.42,Houston Rockets,New York Knicks,123,112
2020-02-25,1.61,2.38,Brooklyn Nets,Orlando Magic,113,115
2020-02-25,3.11,1.39,Cleveland Cavaliers,Miami Heat,125,119 
2020-02-25,1.25,4.10,Philadelphia 76ers,Atlanta Hawks,129,112
2020-02-25,7.54,1.10,Washington Wizards,Milwaukee Bucks,134,137 
2020-02-23,1.45,2.82,Portland Trail Blazers,Detroit Pistons,107,104
2020-02-23,5.10,1.18,Golden State Warriors,New Orleans Pelicans,101,115
2020-02-23,2.37,1.62,Chicago Bulls,Washington Wizards,126,117
2020-02-23,1.50,2.69,Oklahoma City Thunder,San Antonio Spurs,131,103
2020-02-23,1.07,9.50,Denver Nuggets,Minnesota Timberwolves,128,116
2020-02-23,1.49,2.70,Toronto Raptors,Indiana Pacers,127,81
2020-02-23,1.31,3.59,Los Angeles Lakers,Boston Celtics,114,112
2020-02-22,1.80,2.06,Utah Jazz,Houston Rockets,110,120
2020-02-22,1.22,4.53,Milwaukee Bucks,Philadelphia 76ers,119,98
2020-02-22,2.29,1.66,Chicago Bulls,Phoenix Suns,104,112
2020-02-22,1.10,7.67,Miami Heat,Cleveland Cavaliers,124,105
2020-02-22,1.79,2.08,Atlanta Hawks,Dallas Mavericks,111,107
2020-02-22,2.52,1.56,Charlotte Hornets,Brooklyn Nets,86,115
2020-02-22,1.23,4.33,Los Angeles Clippers,Sacramento Kings,103,112
2020-02-22,1.17,5.45,Los Angeles Lakers,Memphis Grizzlies,117,105
2020-02-22,2.82,1.45,Portland Trail Blazers,New Orleans Pelicans,115,128
2020-02-22,1.34,3.40,Utah Jazz,San Antonio Spurs,104,113
2020-02-22,4.02,1.26,Minnesota Timberwolves,Boston Celtics,117,127
2020-02-22,1.82,2.02,Oklahoma City Thunder,Denver Nuggets,113,101
2020-02-21,3.35,1.35,New York Knicks,Indiana Pacers,98,106
2020-02-21,1.28,3.84,Toronto Raptors,Phoenix Suns,118,101
2020-02-21,2.51,1.56,Orlando Magic,Dallas Mavericks,106,122
2020-02-21,1.41,3.00,Washington Wizards,Cleveland Cavaliers,108,113
2020-02-21,4.89,1.20,Golden State Warriors,Houston Rockets,105,135
2020-02-21,1.95,1.89,Sacramento Kings,Memphis Grizzlies,129,125
2020-02-21,1.56,2.52,Chicago Bulls,Charlotte Hornets,93,103
2020-02-21,1.35,3.31,Philadelphia 76ers,Brooklyn Nets,112,104 
2020-02-21,3.05,1.40,Atlanta Hawks,Miami Heat,129,124
2020-02-21,7.81,1.09,Detroit Pistons,Milwaukee Bucks,106,126
2020-02-16,2.94,1.42,Team Giannis,Team LeBron,155,157
2020-02-14,1.43,2.88,Team USA,Team World,151,131
2020-02-13,1.86,1.99,Boston Celtics,Los Angeles Clippers,141,133 
2020-02-13,1.62,2.38,New Orleans Pelicans,Oklahoma City Thunder,118,123
2020-02-13,2.29,1.66,Denver Nuggets,Los Angeles Lakers,116,120 
2020-02-13,1.36,3.29,Phoenix Suns,Golden State Warriors,112,106
2020-02-13,1.50,2.68,Utah Jazz,Miami Heat,116,101
2020-02-13,1.26,4.04,Dallas Mavericks,Sacramento Kings,130,111
2020-02-13,1.60,2.40,Memphis Grizzlies,Portland Trail Blazers,111,104
2020-02-13,1.41,3.04,Minnesota Timberwolves,Charlotte Hornets,108,115
2020-02-13,2.44,1.58,Brooklyn Nets,Toronto Raptors,101,91
2020-02-13,1.81,2.04,Indiana Pacers,Milwaukee Bucks,118,111
2020-02-13,1.68,2.25,New York Knicks,Washington Wizards,96,114
2020-02-13,2.25,1.68,Cleveland Cavaliers,Atlanta Hawks,127,105
2020-02-13,1.36,3.26,Orlando Magic,Detroit Pistons,116,112 
2020-02-11,1.73,2.15,Houston Rockets,Boston Celtics,116,105
2020-02-11,1.67,2.27,New Orleans Pelicans,Portland Trail Blazers,138,117
2020-02-11,1.28,3.82,Oklahoma City Thunder,San Antonio Spurs,106,114
2020-02-11,1.95,1.90,Philadelphia 76ers,Los Angeles Clippers,110,103
2020-02-11,1.62,2.36,Washington Wizards,Chicago Bulls,126,114
2020-02-11,3.26,1.36,Golden State Warriors,Miami Heat,101,113
2020-02-11,1.10,7.65,Los Angeles Lakers,Phoenix Suns,125,100
2020-02-11,1.36,3.29,Denver Nuggets,San Antonio Spurs,127,120
2020-02-11,1.90,1.94,Dallas Mavericks,Utah Jazz,119,123
2020-02-11,1.18,5.09,Milwaukee Bucks,Sacramento Kings,123,111
2020-02-11,1.26,4.08,Toronto Raptors,Minnesota Timberwolves,137,126
2020-02-11,1.62,2.37,Detroit Pistons,Charlotte Hornets,76,87
2020-02-11,1.37,3.22,Indiana Pacers,Brooklyn Nets,105,106
2020-02-11,1.25,4.13,Orlando Magic,Atlanta Hawks,135,126
2020-02-09,1.48,2.72,Portland Trail Blazers,Miami Heat,115,109
2020-02-09,2.95,1.42,Cleveland Cavaliers,Los Angeles Clippers,92,133
2020-02-09,1.70,2.21,Houston Rockets,Utah Jazz,113,114
2020-02-09,1.48,2.73,Atlanta Hawks,New York Knicks,140,135 
2020-02-09,1.16,5.58,Philadelphia 76ers,Chicago Bulls,118,111
2020-02-09,2.21,1.70,Washington Wizards,Memphis Grizzlies,99,106
2020-02-09,2.05,1.80,Oklahoma City Thunder,Boston Celtics,111,112
2020-02-09,2.15,1.74,Sacramento Kings,San Antonio Spurs,122,102
2020-02-09,2.35,1.63,Phoenix Suns,Denver Nuggets,108,117
2020-02-09,8.52,1.08,Golden State Warriors,Los Angeles Lakers,120,125
2020-02-09,5.11,1.18,Minnesota Timberwolves,Los Angeles Clippers,142,115
2020-02-08,1.49,2.72,Indiana Pacers,New Orleans Pelicans,117,124
2020-02-08,1.38,3.13,Toronto Raptors,Brooklyn Nets,119,118
2020-02-08,2.29,1.66,Charlotte Hornets,Dallas Mavericks,100,116
2020-02-08,2.02,1.83,Detroit Pistons,New York Knicks,92,95
2020-02-08,4.14,1.25,Orlando Magic,Milwaukee Bucks,95,111
2020-02-08,1.16,5.63,Utah Jazz,Portland Trail Blazers,117,114
2020-02-08,1.95,1.89,Sacramento Kings,Miami Heat,105,97
2020-02-08,2.14,1.74,Phoenix Suns,Houston Rockets,127,91
2020-02-08,1.88,1.96,Indiana Pacers,Toronto Raptors,106,115
2020-02-08,1.10,7.52,Oklahoma City Thunder,Detroit Pistons,108,101
2020-02-08,1.11,7.06,Boston Celtics,Atlanta Hawks,112,107
2020-02-08,1.40,3.09,Philadelphia 76ers,Memphis Grizzlies,119,107
2020-02-08,2.31,1.65,Washington Wizards,Dallas Mavericks,119,118
2020-02-07,1.40,3.08,Los Angeles Lakers,Houston Rockets,111,121
2020-02-07,1.64,2.32,Portland Trail Blazers,San Antonio Spurs,125,117
2020-02-07,2.94,1.43,Chicago Bulls,New Orleans Pelicans,119,125
2020-02-07,1.22,4.54,Milwaukee Bucks,Philadelphia 76ers,112,101
2020-02-07,2.39,1.61,New York Knicks,Orlando Magic,105,103
2020-02-06,1.37,3.21,Los Angeles Clippers,Miami Heat,128,111
2020-02-06,1.20,4.82,Utah Jazz,Denver Nuggets,95,98
2020-02-06,1.55,2.53,Dallas Mavericks,Memphis Grizzlies,107,121
2020-02-06,1.55,2.53,Minnesota Timberwolves,Atlanta Hawks,120,127
2020-02-06,1.09,7.99,Oklahoma City Thunder,Cleveland Cavaliers,109,103
2020-02-06,1.43,2.92,Boston Celtics,Orlando Magic,116,100
2020-02-06,1.36,3.27,Brooklyn Nets,Golden State Warriors,129,88
2020-02-06,1.42,2.96,Toronto Raptors,Indiana Pacers,119,118
2020-02-06,2.24,1.68,Detroit Pistons,Phoenix Suns,116,108
2020-02-05,1.15,5.73,Los Angeles Lakers,San Antonio Spurs,129,102
2020-02-05,1.55,2.55,Denver Nuggets,Portland Trail Blazers,127,99
2020-02-05,1.10,7.66,Houston Rockets,Charlotte Hornets,125,110
2020-02-05,3.13,1.38,New Orleans Pelicans,Milwaukee Bucks,108,120
2020-02-04,1.23,4.43,Los Angeles Clippers,San Antonio Spurs,108,105
2020-02-04,1.89,1.95,Sacramento Kings,Minnesota Timberwolves,113,109
2020-02-04,1.22,4.59,Memphis Grizzlies,Detroit Pistons,96,82
2020-02-04,3.03,1.41,Atlanta Hawks,Boston Celtics,115,123
2020-02-04,1.74,2.14,Brooklyn Nets,Phoenix Suns,119,97
2020-02-04,1.71,2.19,Miami Heat,Philadelphia 76ers,137,106
2020-02-04,2.70,1.50,Charlotte Hornets,Orlando Magic,100,112
2020-02-04,2.12,1.76,Cleveland Cavaliers,New York Knicks,134,139 
2020-02-04,1.48,2.76,Indiana Pacers,Dallas Mavericks,103,112
2020-02-04,1.38,3.15,Washington Wizards,Golden State Warriors,117,125
2020-02-02,1.19,5.02,Toronto Raptors,Chicago Bulls,129,102
2020-02-02,1.48,2.73,Houston Rockets,New Orleans Pelicans,117,109
2020-02-02,1.11,7.19,Milwaukee Bucks,Phoenix Suns,129,108
2020-02-02,2.19,1.71,Detroit Pistons,Denver Nuggets,128,123 
2020-02-02,3.06,1.40,Portland Trail Blazers,Utah Jazz,124,107
2020-02-02,3.34,1.34,Sacramento Kings,Los Angeles Lakers,113,129
2020-02-02,1.26,4.09,San Antonio Spurs,Charlotte Hornets,114,90
2020-02-02,1.95,1.89,Boston Celtics,Philadelphia 76ers,116,95
2020-02-02,1.53,2.61,Dallas Mavericks,Atlanta Hawks,123,100
2020-02-01,1.81,2.04,Cleveland Cavaliers,Golden State Warriors,112,131
2020-02-01,2.11,1.77,Washington Wizards,Brooklyn Nets,113,107
2020-02-01,1.15,5.85,Indiana Pacers,New York Knicks,85,92
2020-02-01,2.17,1.73,Orlando Magic,Miami Heat,89,102
2020-02-01,1.18,5.23,Los Angeles Clippers,Minnesota Timberwolves,118,106
2020-02-01,1.10,7.46,Los Angeles Lakers,Portland Trail Blazers,119,127
2020-02-01,1.11,7.27,Milwaukee Bucks,Denver Nuggets,115,127
2020-02-01,1.95,1.89,Phoenix Suns,Oklahoma City Thunder,107,111
2020-02-01,1.31,3.57,New Orleans Pelicans,Memphis Grizzlies,139,111
2020-02-01,1.44,2.87,Brooklyn Nets,Chicago Bulls,133,118
2020-02-01,1.29,3.75,Houston Rockets,Dallas Mavericks,128,121
2020-02-01,2.49,1.57,Detroit Pistons,Toronto Raptors,92,105
2020-01-31,2.23,1.69,Denver Nuggets,Utah Jazz,106,100
2020-01-31,1.08,9.03,Los Angeles Clippers,Sacramento Kings,103,124
2020-01-31,1.09,7.90,Boston Celtics,Golden State Warriors,119,104
2020-01-31,3.17,1.38,Atlanta Hawks,Philadelphia 76ers,127,117
2020-01-31,5.10,1.18,Cleveland Cavaliers,Toronto Raptors,109,115
2020-01-31,1.61,2.39,Washington Wizards,Charlotte Hornets,121,107
2020-01-30,2.89,1.44,Portland Trail Blazers,Houston Rockets,125,112
2020-01-30,2.14,1.74,Sacramento Kings,Oklahoma City Thunder,100,120
2020-01-30,2.93,1.43,San Antonio Spurs,Utah Jazz,127,120
2020-01-30,1.41,3.02,Brooklyn Nets,Detroit Pistons,125,115
2020-01-30,2.18,1.72,New York Knicks,Memphis Grizzlies,106,127
2020-01-30,1.23,4.37,Indiana Pacers,Chicago Bulls,115,106 
2020-01-28,1.35,3.34,Dallas Mavericks,Phoenix Suns,104,133
2020-01-28,1.89,1.94,Memphis Grizzlies,Denver Nuggets,104,96
2020-01-28,1.79,2.07,Miami Heat,Boston Celtics,101,109
2020-01-28,1.12,6.61,Milwaukee Bucks,Washington Wizards,151,131
2020-01-28,4.16,1.25,Cleveland Cavaliers,New Orleans Pelicans,111,125
2020-01-28,1.10,7.67,Toronto Raptors,Atlanta Hawks,130,114
2020-01-28,1.93,1.92,Charlotte Hornets,New York Knicks,97,92
2020-01-28,1.09,8.02,Philadelphia 76ers,Golden State Warriors,115,104
2020-01-27,1.07,9.21,Utah Jazz,Houston Rockets,117,126
2020-01-27,1.83,2.01,Chicago Bulls,San Antonio Spurs,110,109
2020-01-27,1.68,2.25,Minnesota Timberwolves,Sacramento Kings,129,133 
2020-01-27,2.80,1.46,Oklahoma City Thunder,Dallas Mavericks,97,107
2020-01-27,1.36,3.28,Miami Heat,Orlando Magic,113,92
2020-01-27,1.36,3.27,Detroit Pistons,Cleveland Cavaliers,100,115
2020-01-26,1.67,2.27,Portland Trail Blazers,Indiana Pacers,139,129
2020-01-26,1.87,1.97,Atlanta Hawks,Washington Wizards,152,133
2020-01-26,1.75,2.13,Memphis Grizzlies,Phoenix Suns,114,109
2020-01-26,1.88,1.97,New Orleans Pelicans,Boston Celtics,123,108
2020-01-26,1.78,2.09,New York Knicks,Brooklyn Nets,110,97
2020-01-26,2.32,1.64,Orlando Magic,Los Angeles Clippers,97,112
2020-01-26,2.34,1.63,San Antonio Spurs,Toronto Raptors,106,110
2020-01-26,1.71,2.19,Denver Nuggets,Houston Rockets,117,110
2020-01-25,2.71,1.49,Philadelphia 76ers,Los Angeles Lakers,108,91
2020-01-25,1.90,1.94,Cleveland Cavaliers,Chicago Bulls,106,118
2020-01-25,1.78,2.09,Minnesota Timberwolves,Oklahoma City Thunder,104,113
2020-01-25,2.18,1.72,Detroit Pistons,Brooklyn Nets,111,121 
2020-01-25,1.49,2.70,Utah Jazz,Dallas Mavericks,112,107
2020-01-25,3.20,1.37,Golden State Warriors,Indiana Pacers,118,129
2020-01-25,1.50,2.67,San Antonio Spurs,Phoenix Suns,99,103
2020-01-25,1.80,2.05,Chicago Bulls,Sacramento Kings,81,98
2020-01-25,2.14,1.75,Miami Heat,Los Angeles Clippers,117,122
2020-01-25,2.96,1.42,Minnesota Timberwolves,Houston Rockets,124,131
2020-01-25,1.58,2.46,New Orleans Pelicans,Denver Nuggets,106,113
2020-01-25,1.26,4.00,Oklahoma City Thunder,Atlanta Hawks,140,111
2020-01-25,4.28,1.24,New York Knicks,Toronto Raptors,112,118
2020-01-25,2.04,1.81,Detroit Pistons,Memphis Grizzlies,112,125
2020-01-25,1.73,2.15,Orlando Magic,Boston Celtics,98,109
2020-01-25,8.45,1.09,Charlotte Hornets,Milwaukee Bucks,103,116
2020-01-24,2.90,1.43,Portland Trail Blazers,Dallas Mavericks,125,133
2020-01-24,2.86,1.45,Brooklyn Nets,Los Angeles Lakers,113,128
2020-01-24,1.72,2.16,Cleveland Cavaliers,Washington Wizards,112,124
2020-01-23,4.32,1.24,Golden State Warriors,Utah Jazz,96,129
2020-01-23,1.64,2.31,New Orleans Pelicans,San Antonio Spurs,117,121
2020-01-23,2.00,1.84,Phoenix Suns,Indiana Pacers,87,112
2020-01-23,1.87,1.98,Chicago Bulls,Minnesota Timberwolves,117,110
2020-01-23,1.18,5.13,Houston Rockets,Denver Nuggets,121,105
2020-01-23,2.62,1.52,Atlanta Hawks,Los Angeles Clippers,102,95
2020-01-23,1.34,3.40,Boston Celtics,Memphis Grizzlies,119,95
2020-01-23,1.18,5.27,Miami Heat,Washington Wizards,134,129 
2020-01-23,6.34,1.13,New York Knicks,Los Angeles Lakers,92,100
2020-01-23,2.06,1.80,Detroit Pistons,Sacramento Kings,127,106
2020-01-23,1.71,2.19,Orlando Magic,Oklahoma City Thunder,114,120
2020-01-23,1.38,3.16,Toronto Raptors,Philadelphia 76ers,107,95
2020-01-21,1.71,2.19,Dallas Mavericks,Los Angeles Clippers,107,110
2020-01-21,1.31,3.59,Portland Trail Blazers,Golden State Warriors,129,124 
2020-01-21,1.52,2.61,Phoenix Suns,San Antonio Spurs,118,120
2020-01-21,1.30,3.62,Utah Jazz,Indiana Pacers,118,88
2020-01-21,1.60,2.40,Minnesota Timberwolves,Denver Nuggets,100,107
2020-01-21,2.26,1.67,Boston Celtics,Los Angeles Lakers,139,107
2020-01-21,2.42,1.60,Charlotte Hornets,Orlando Magic,83,106
2020-01-21,2.01,1.84,Cleveland Cavaliers,New York Knicks,86,106
2020-01-21,1.30,3.63,Houston Rockets,Oklahoma City Thunder,107,112
2020-01-21,1.64,2.33,Memphis Grizzlies,New Orleans Pelicans,116,126
2020-01-21,1.59,2.42,Miami Heat,Sacramento Kings,118,113 
2020-01-21,1.05,10.98,Milwaukee Bucks,Chicago Bulls,111,98
2020-01-21,2.19,1.71,Brooklyn Nets,Philadelphia 76ers,111,117
2020-01-21,4.35,1.23,Atlanta Hawks,Toronto Raptors,117,122
2020-01-21,1.91,1.92,Washington Wizards,Detroit Pistons,106,100
2020-01-19,1.94,1.89,Denver Nuggets,Indiana Pacers,107,115
2020-01-19,2.00,1.85,San Antonio Spurs,Miami Heat,107,102
2020-01-18,1.37,3.24,Oklahoma City Thunder,Portland Trail Blazers,119,106
2020-01-18,1.22,4.54,Utah Jazz,Sacramento Kings,123,101
2020-01-18,2.96,1.42,Golden State Warriors,Orlando Magic,109,95
2020-01-18,1.65,2.31,Houston Rockets,Los Angeles Lakers,115,124
2020-01-18,1.33,3.48,Chicago Bulls,Cleveland Cavaliers,118,116
2020-01-18,2.52,1.55,Minnesota Timberwolves,Toronto Raptors,112,122
2020-01-18,2.00,1.84,Atlanta Hawks,Detroit Pistons,103,136
2020-01-18,2.52,1.55,New York Knicks,Philadelphia 76ers,87,90
2020-01-18,1.55,2.56,Boston Celtics,Phoenix Suns,119,123
2020-01-18,5.35,1.17,Brooklyn Nets,Milwaukee Bucks,97,117
2020-01-18,2.92,1.43,New Orleans Pelicans,Los Angeles Clippers,130,133
2020-01-17,1.29,3.73,Dallas Mavericks,Portland Trail Blazers,120,112
2020-01-17,1.26,4.02,San Antonio Spurs,Atlanta Hawks,120,121
2020-01-17,1.22,4.56,Memphis Grizzlies,Cleveland Cavaliers,113,109
2020-01-17,1.93,1.90,Oklahoma City Thunder,Miami Heat,108,115
2020-01-17,1.35,3.31,Indiana Pacers,Minnesota Timberwolves,116,114
2020-01-17,1.30,3.67,Philadelphia 76ers,Chicago Bulls,100,89
2020-01-17,1.16,5.45,Toronto Raptors,Washington Wizards,140,111
2020-01-17,2.39,1.61,Golden State Warriors,Denver Nuggets,131,134 
2020-01-17,1.18,5.16,Los Angeles Clippers,Orlando Magic,122,95
2020-01-17,1.15,5.90,Milwaukee Bucks,Boston Celtics,128,123
2020-01-17,2.88,1.44,New Orleans Pelicans,Utah Jazz,138,132 
2020-01-17,2.11,1.76,New York Knicks,Phoenix Suns,98,121
2020-01-16,1.17,5.31,Los Angeles Lakers,Orlando Magic,118,119
2020-01-16,2.47,1.58,Sacramento Kings,Dallas Mavericks,123,127
2020-01-16,1.26,4.08,Houston Rockets,Portland Trail Blazers,107,117
2020-01-16,1.13,6.25,Denver Nuggets,Charlotte Hornets,100,86
2020-01-16,1.53,2.59,Chicago Bulls,Washington Wizards,115,106
2020-01-16,2.49,1.57,Minnesota Timberwolves,Indiana Pacers,99,104
2020-01-16,1.88,1.96,Oklahoma City Thunder,Toronto Raptors,121,130
2020-01-16,1.46,2.81,Miami Heat,San Antonio Spurs,106,100
2020-01-16,1.21,4.74,Boston Celtics,Detroit Pistons,103,116
2020-01-16,1.38,3.16,Philadelphia 76ers,Brooklyn Nets,117,106
2020-01-15,3.85,1.28,Golden State Warriors,Dallas Mavericks,97,124
2020-01-15,1.05,11.47,Los Angeles Clippers,Cleveland Cavaliers,128,103
2020-01-15,2.56,1.54,Memphis Grizzlies,Houston Rockets,121,110
2020-01-15,1.05,12.11,Milwaukee Bucks,New York Knicks,128,102
2020-01-15,2.13,1.74,Atlanta Hawks,Phoenix Suns,123,110
2020-01-15,2.26,1.67,Brooklyn Nets,Utah Jazz,107,118
2020-01-14,1.08,8.76,Los Angeles Lakers,Cleveland Cavaliers,128,99
2020-01-14,1.23,4.44,Portland Trail Blazers,Charlotte Hornets,115,112
2020-01-14,1.90,1.95,Sacramento Kings,Orlando Magic,112,114
2020-01-14,2.08,1.78,Minnesota Timberwolves,Oklahoma City Thunder,104,117
2020-01-14,1.20,4.79,Boston Celtics,Chicago Bulls,113,101
2020-01-14,1.50,2.67,Detroit Pistons,New Orleans Pelicans,110,117 
2020-01-14,1.62,2.37,Indiana Pacers,Philadelphia 76ers,101,95
2020-01-12,1.92,1.92,Denver Nuggets,Los Angeles Clippers,114,104
2020-01-12,1.26,4.03,Phoenix Suns,Charlotte Hornets,100,92
2020-01-12,1.23,4.42,Brooklyn Nets,Atlanta Hawks,108,86
2020-01-12,1.38,3.16,Memphis Grizzlies,Golden State Warriors,122,102
2020-01-12,1.50,2.68,Toronto Raptors,San Antonio Spurs,104,105
2020-01-12,3.73,1.29,New York Knicks,Miami Heat,124,121
2020-01-12,3.01,1.41,Washington Wizards,Utah Jazz,116,127
2020-01-12,3.67,1.30,Portland Trail Blazers,Milwaukee Bucks,101,122
2020-01-12,1.11,7.32,Denver Nuggets,Cleveland Cavaliers,103,111
2020-01-12,1.72,2.18,Dallas Mavericks,Philadelphia 76ers,109,91
2020-01-11,1.25,4.23,Oklahoma City Thunder,Los Angeles Lakers,110,125
2020-01-11,1.13,6.32,Boston Celtics,New Orleans Pelicans,140,105
2020-01-11,1.60,2.41,Detroit Pistons,Chicago Bulls,99,108
2020-01-11,1.19,5.05,Houston Rockets,Minnesota Timberwolves,139,109
2020-01-11,1.07,9.49,Los Angeles Clippers,Golden State Warriors,109,100
2020-01-11,4.66,1.21,Sacramento Kings,Milwaukee Bucks,106,127
2020-01-11,1.77,2.11,Dallas Mavericks,Los Angeles Lakers,114,129
2020-01-11,1.55,2.54,Phoenix Suns,Orlando Magic,98,94
2020-01-11,1.11,7.02,Utah Jazz,Charlotte Hornets,109,92
2020-01-11,1.89,1.95,Chicago Bulls,Indiana Pacers,105,116
2020-01-11,1.93,1.91,Memphis Grizzlies,San Antonio Spurs,134,121
2020-01-11,2.50,1.57,Brooklyn Nets,Miami Heat,117,113
2020-01-11,2.62,1.52,New York Knicks,New Orleans Pelicans,111,123
2020-01-11,2.00,1.84,Washington Wizards,Atlanta Hawks,111,101
2020-01-09,2.42,1.60,Oklahoma City Thunder,Houston Rockets,113,92
2020-01-09,1.95,1.89,Minnesota Timberwolves,Portland Trail Blazers,116,102
2020-01-09,1.33,3.45,Detroit Pistons,Cleveland Cavaliers,112,115 
2020-01-09,1.91,1.93,Philadelphia 76ers,Boston Celtics,109,98
2020-01-09,8.57,1.08,Golden State Warriors,Milwaukee Bucks,98,107
2020-01-09,1.08,9.09,Utah Jazz,New York Knicks,128,104
2020-01-09,1.61,2.40,New Orleans Pelicans,Chicago Bulls,123,108
2020-01-09,3.74,1.29,Atlanta Hawks,Houston Rockets,115,122
2020-01-09,1.57,2.48,Dallas Mavericks,Denver Nuggets,106,107
2020-01-09,1.34,3.38,Boston Celtics,San Antonio Spurs,114,129
2020-01-09,2.19,1.71,Charlotte Hornets,Toronto Raptors,110,112 
2020-01-09,1.88,1.97,Indiana Pacers,Miami Heat,108,122
2020-01-09,1.19,4.88,Orlando Magic,Washington Wizards,123,89
2020-01-08,1.08,8.97,Los Angeles Lakers,New York Knicks,117,87
2020-01-08,1.38,3.15,Phoenix Suns,Sacramento Kings,103,114
2020-01-08,1.55,2.53,Memphis Grizzlies,Minnesota Timberwolves,119,112
2020-01-08,1.91,1.93,Brooklyn Nets,Oklahoma City Thunder,103,111 
2020-01-08,2.37,1.62,Cleveland Cavaliers,Detroit Pistons,113,115
2020-01-08,1.72,2.17,Toronto Raptors,Portland Trail Blazers,99,101
2020-01-07,1.17,5.32,Sacramento Kings,Golden State Warriors,111,98
2020-01-07,1.26,4.07,Dallas Mavericks,Chicago Bulls,118,110
2020-01-07,3.84,1.28,San Antonio Spurs,Milwaukee Bucks,126,104
2020-01-07,2.46,1.58,New Orleans Pelicans,Utah Jazz,126,128
2020-01-07,3.50,1.32,Atlanta Hawks,Denver Nuggets,115,123
2020-01-07,2.99,1.42,Charlotte Hornets,Indiana Pacers,104,115
2020-01-07,1.51,2.66,Orlando Magic,Brooklyn Nets,101,89
2020-01-07,1.30,3.66,Philadelphia 76ers,Oklahoma City Thunder,120,113
2020-01-07,4.20,1.25,Washington Wizards,Boston Celtics,99,94
2020-01-06,1.06,10.15,Los Angeles Lakers,Detroit Pistons,106,99
2020-01-06,1.37,3.19,Phoenix Suns,Memphis Grizzlies,114,121
2020-01-06,3.00,1.41,Cleveland Cavaliers,Minnesota Timberwolves,103,118
2020-01-06,1.47,2.78,Miami Heat,Portland Trail Blazers,122,111
2020-01-06,1.19,4.89,Los Angeles Clippers,New York Knicks,135,132
2020-01-05,1.74,2.15,Sacramento Kings,New Orleans Pelicans,115,117
2020-01-05,2.22,1.69,Golden State Warriors,Detroit Pistons,104,111
2020-01-05,1.12,6.66,Milwaukee Bucks,San Antonio Spurs,127,118
2020-01-04,1.13,6.41,Dallas Mavericks,Charlotte Hornets,120,123 
2020-01-04,1.89,1.94,Chicago Bulls,Boston Celtics,104,111
2020-01-04,7.57,1.10,Washington Wizards,Denver Nuggets,128,114
2020-01-04,3.47,1.33,Atlanta Hawks,Indiana Pacers,116,111
2020-01-04,3.12,1.39,Cleveland Cavaliers,Oklahoma City Thunder,106,121
2020-01-04,2.39,1.61,Orlando Magic,Utah Jazz,96,109
2020-01-04,1.79,2.06,Brooklyn Nets,Toronto Raptors,102,121
2020-01-04,1.17,5.32,Los Angeles Clippers,Memphis Grizzlies,114,140
2020-01-04,1.17,5.29,Los Angeles Lakers,New Orleans Pelicans,123,113
2020-01-04,1.34,3.39,Phoenix Suns,New York Knicks,120,112
2020-01-04,1.53,2.57,Houston Rockets,Philadelphia 76ers,118,108
2020-01-04,1.15,5.73,Boston Celtics,Atlanta Hawks,109,106
2020-01-04,1.89,1.95,Orlando Magic,Miami Heat,105,85
2020-01-04,3.55,1.32,Washington Wizards,Portland Trail Blazers,103,122
2020-01-03,1.10,7.41,Los Angeles Clippers,Detroit Pistons,126,112
2020-01-03,1.52,2.60,Sacramento Kings,Memphis Grizzlies,128,123
2020-01-03,1.26,3.99,Dallas Mavericks,Brooklyn Nets,123,111
2020-01-03,1.71,2.19,San Antonio Spurs,Oklahoma City Thunder,103,109
2020-01-03,2.32,1.64,Chicago Bulls,Utah Jazz,98,102
2020-01-03,1.68,2.25,Minnesota Timberwolves,Golden State Warriors,99,84
2020-01-03,1.47,2.76,Miami Heat,Toronto Raptors,84,76
2020-01-03,1.77,2.10,Cleveland Cavaliers,Charlotte Hornets,106,109
2020-01-03,1.95,1.90,Indiana Pacers,Denver Nuggets,116,124
2020-01-02,1.15,5.93,Los Angeles Lakers,Phoenix Suns,117,107
2020-01-02,1.03,15.57,Milwaukee Bucks,Minnesota Timberwolves,106,104
2020-01-02,2.51,1.56,New York Knicks,Portland Trail Blazers,117,93
2020-01-02,2.30,1.66,Washington Wizards,Orlando Magic,101,122
2019-12-31,2.40,1.60,Oklahoma City Thunder,Dallas Mavericks,106,101
2019-12-31,1.40,3.06,Houston Rockets,Denver Nuggets,130,104
2019-12-31,1.15,5.89,San Antonio Spurs,Golden State Warriors,117,113 
2019-12-31,1.26,4.10,Toronto Raptors,Cleveland Cavaliers,117,97
2019-12-31,3.29,1.36,Sacramento Kings,Los Angeles Clippers,87,105
2019-12-31,3.73,1.29,Charlotte Hornets,Boston Celtics,92,109
2019-12-31,1.64,2.33,Indiana Pacers,Philadelphia 76ers,115,97
2019-12-31,1.58,2.48,Portland Trail Blazers,Phoenix Suns,116,122
2019-12-31,1.20,4.75,Utah Jazz,Detroit Pistons,104,81
2019-12-31,4.44,1.23,Chicago Bulls,Milwaukee Bucks,102,123
2019-12-31,2.60,1.53,Minnesota Timberwolves,Brooklyn Nets,122,115 
2019-12-31,1.15,5.73,Orlando Magic,Atlanta Hawks,93,101
2019-12-31,6.07,1.14,Washington Wizards,Miami Heat,123,105
2019-12-29,1.48,2.73,Los Angeles Lakers,Dallas Mavericks,108,95
2019-12-29,1.29,3.78,Denver Nuggets,Sacramento Kings,120,115
2019-12-29,1.68,2.25,Memphis Grizzlies,Charlotte Hornets,117,104
2019-12-29,1.47,2.77,New Orleans Pelicans,Houston Rockets,127,112
2019-12-29,1.50,2.69,Toronto Raptors,Oklahoma City Thunder,97,98
2019-12-29,1.29,3.73,Los Angeles Clippers,Utah Jazz,107,120
2019-12-29,2.88,1.44,Portland Trail Blazers,Los Angeles Lakers,120,128
2019-12-29,1.69,2.22,Sacramento Kings,Phoenix Suns,110,112
2019-12-29,5.42,1.17,Golden State Warriors,Dallas Mavericks,121,141
2019-12-29,1.49,2.70,San Antonio Spurs,Detroit Pistons,136,109
2019-12-28,1.38,3.17,Milwaukee Bucks,Orlando Magic,111,100
2019-12-28,1.19,4.91,Chicago Bulls,Atlanta Hawks,116,81
2019-12-28,1.21,4.61,Houston Rockets,Brooklyn Nets,108,98
2019-12-28,1.86,1.99,Miami Heat,Philadelphia 76ers,117,116 
2019-12-28,1.38,3.15,Minnesota Timberwolves,Cleveland Cavaliers,88,94
2019-12-28,2.37,1.62,Washington Wizards,New York Knicks,100,107
2019-12-28,1.33,3.43,Boston Celtics,Toronto Raptors,97,113
2019-12-28,1.82,2.03,New Orleans Pelicans,Indiana Pacers,120,98
2019-12-28,1.22,4.52,Denver Nuggets,Memphis Grizzlies,119,110
2019-12-28,2.40,1.60,Golden State Warriors,Phoenix Suns,105,96
2019-12-28,1.48,2.74,Miami Heat,Indiana Pacers,113,112
2019-12-28,3.43,1.33,Atlanta Hawks,Milwaukee Bucks,86,112
2019-12-28,1.90,1.93,Charlotte Hornets,Oklahoma City Thunder,102,104 
2019-12-28,2.45,1.58,Orlando Magic,Philadelphia 76ers,98,97
2019-12-28,1.07,9.82,Boston Celtics,Cleveland Cavaliers,129,117
2019-12-27,1.45,2.83,Utah Jazz,Portland Trail Blazers,121,115
2019-12-27,1.33,3.48,Sacramento Kings,Minnesota Timberwolves,104,105 
2019-12-27,1.27,4.00,Dallas Mavericks,San Antonio Spurs,102,98
2019-12-27,1.41,3.03,Oklahoma City Thunder,Memphis Grizzlies,97,110
2019-12-27,1.32,3.56,Brooklyn Nets,New York Knicks,82,94
2019-12-27,1.37,3.20,Detroit Pistons,Washington Wizards,132,102
2019-12-26,1.22,4.47,Denver Nuggets,New Orleans Pelicans,100,112
2019-12-26,1.75,2.12,Los Angeles Lakers,Los Angeles Clippers,106,111
2019-12-26,6.30,1.13,Golden State Warriors,Houston Rockets,116,104
2019-12-26,2.31,1.65,Philadelphia 76ers,Milwaukee Bucks,121,109
2019-12-26,2.50,1.57,Toronto Raptors,Boston Celtics,102,118
2019-12-24,1.90,1.91,Golden State Warriors,Minnesota Timberwolves,113,104
2019-12-24,1.42,2.97,Portland Trail Blazers,New Orleans Pelicans,94,102
2019-12-24,3.05,1.41,Sacramento Kings,Houston Rockets,104,113
2019-12-24,2.19,1.71,Phoenix Suns,Denver Nuggets,111,113
2019-12-24,1.95,1.88,Memphis Grizzlies,San Antonio Spurs,115,145
2019-12-24,1.55,2.55,Miami Heat,Utah Jazz,107,104
2019-12-24,2.05,1.80,Cleveland Cavaliers,Atlanta Hawks,121,118
2019-12-24,3.27,1.36,Detroit Pistons,Philadelphia 76ers,109,125
2019-12-24,1.44,2.88,Indiana Pacers,Toronto Raptors,120,115 
2019-12-24,1.62,2.36,New York Knicks,Washington Wizards,115,121
2019-12-24,1.48,2.75,Orlando Magic,Chicago Bulls,103,95
2019-12-22,1.74,2.14,Los Angeles Lakers,Denver Nuggets,104,128
2019-12-22,1.27,3.96,Milwaukee Bucks,Indiana Pacers,117,89
2019-12-22,1.89,1.95,Oklahoma City Thunder,Los Angeles Clippers,118,112
2019-12-22,1.11,7.24,Boston Celtics,Charlotte Hornets,119,93
2019-12-22,1.83,2.02,Toronto Raptors,Dallas Mavericks,110,107
2019-12-22,1.35,3.36,Portland Trail Blazers,Minnesota Timberwolves,113,106
2019-12-22,4.36,1.23,Phoenix Suns,Houston Rockets,125,139
2019-12-22,3.40,1.34,San Antonio Spurs,Los Angeles Clippers,109,134
2019-12-22,2.10,1.78,Memphis Grizzlies,Sacramento Kings,119,115
2019-12-22,7.24,1.11,New York Knicks,Milwaukee Bucks,102,123
2019-12-22,2.06,1.80,Detroit Pistons,Chicago Bulls,107,119
2019-12-22,1.10,7.43,Philadelphia 76ers,Washington Wizards,125,108
2019-12-22,1.31,3.57,Brooklyn Nets,Atlanta Hawks,122,112
2019-12-21,3.31,1.35,Charlotte Hornets,Utah Jazz,107,114
2019-12-21,2.09,1.77,Golden State Warriors,New Orleans Pelicans,106,102
2019-12-21,1.62,2.35,Portland Trail Blazers,Orlando Magic,118,103
2019-12-21,1.15,5.72,Denver Nuggets,Minnesota Timberwolves,109,100
2019-12-21,1.22,4.51,Miami Heat,New York Knicks,129,114
2019-12-21,1.66,2.28,Oklahoma City Thunder,Phoenix Suns,126,108
2019-12-21,1.25,4.17,Philadelphia 76ers,Dallas Mavericks,98,117
2019-12-21,1.22,4.45,Boston Celtics,Detroit Pistons,114,93
2019-12-21,1.36,3.25,Toronto Raptors,Washington Wizards,122,118
2019-12-21,2.19,1.72,Cleveland Cavaliers,Memphis Grizzlies,114,107
2019-12-21,1.48,2.76,Indiana Pacers,Sacramento Kings,119,105
2019-12-20,1.47,2.76,Los Angeles Clippers,Houston Rockets,117,122
2019-12-20,1.56,2.51,San Antonio Spurs,Brooklyn Nets,118,105
2019-12-20,1.63,2.36,Milwaukee Bucks,Los Angeles Lakers,111,104
2019-12-20,3.22,1.37,Atlanta Hawks,Utah Jazz,106,111
2019-12-19,1.21,4.59,Portland Trail Blazers,Golden State Warriors,122,112
2019-12-19,2.02,1.83,Dallas Mavericks,Boston Celtics,103,109
2019-12-19,1.22,4.53,Denver Nuggets,Orlando Magic,113,104
2019-12-19,1.63,2.34,Minnesota Timberwolves,New Orleans Pelicans,99,107
2019-12-19,1.37,3.18,Oklahoma City Thunder,Memphis Grizzlies,126,122
2019-12-19,1.70,2.22,Cleveland Cavaliers,Charlotte Hornets,100,98
2019-12-19,2.17,1.72,Detroit Pistons,Toronto Raptors,99,112
2019-12-19,1.27,3.93,Philadelphia 76ers,Miami Heat,104,108
2019-12-19,1.88,1.95,Washington Wizards,Chicago Bulls,109,110 
2019-12-18,1.07,9.19,Los Angeles Clippers,Phoenix Suns,120,99
2019-12-18,1.37,3.20,Utah Jazz,Orlando Magic,109,102
2019-12-18,2.09,1.77,New Orleans Pelicans,Brooklyn Nets,101,108 
2019-12-18,1.76,2.11,New York Knicks,Atlanta Hawks,143,120
2019-12-18,2.73,1.48,Charlotte Hornets,Sacramento Kings,110,102
2019-12-18,2.01,1.84,Indiana Pacers,Los Angeles Lakers,105,102
2019-12-16,2.17,1.73,Phoenix Suns,Portland Trail Blazers,110,111
2019-12-16,1.17,5.28,Houston Rockets,San Antonio Spurs,109,107
2019-12-16,2.30,1.65,Memphis Grizzlies,Miami Heat,118,111
2019-12-16,1.15,5.91,Milwaukee Bucks,Dallas Mavericks,116,120
2019-12-16,1.45,2.83,Oklahoma City Thunder,Chicago Bulls,109,106
2019-12-16,1.11,7.11,Toronto Raptors,Cleveland Cavaliers,133,113
2019-12-16,1.71,2.19,Detroit Pistons,Washington Wizards,119,133
2019-12-15,2.60,1.53,Golden State Warriors,Sacramento Kings,79,100
2019-12-15,1.17,5.32,Denver Nuggets,New York Knicks,111,105
2019-12-15,6.78,1.12,Atlanta Hawks,Los Angeles Lakers,96,101
2019-12-15,2.45,1.59,Brooklyn Nets,Philadelphia 76ers,109,89
2019-12-15,1.13,6.28,Indiana Pacers,Charlotte Hornets,107,85
2019-12-15,1.91,1.92,New Orleans Pelicans,Orlando Magic,119,130
2019-12-14,1.40,3.07,Denver Nuggets,Oklahoma City Thunder,110,102
2019-12-14,1.30,3.69,Houston Rockets,Detroit Pistons,107,115
2019-12-14,1.23,4.34,Dallas Mavericks,Miami Heat,118,122 
2019-12-14,1.07,9.09,Milwaukee Bucks,Cleveland Cavaliers,125,108
2019-12-14,2.34,1.64,Chicago Bulls,Los Angeles Clippers,109,106
2019-12-14,1.83,2.01,Memphis Grizzlies,Washington Wizards,128,111
2019-12-14,1.32,3.56,Toronto Raptors,Brooklyn Nets,110,102
2019-12-14,2.08,1.78,Phoenix Suns,San Antonio Spurs,119,121 
2019-12-14,1.24,4.24,Sacramento Kings,New York Knicks,101,103
2019-12-14,2.67,1.50,Minnesota Timberwolves,Los Angeles Clippers,117,124
2019-12-14,1.08,8.66,Utah Jazz,Golden State Warriors,114,106
2019-12-14,1.34,3.42,Chicago Bulls,Charlotte Hornets,73,83
2019-12-14,7.05,1.11,Memphis Grizzlies,Milwaukee Bucks,114,127
2019-12-14,3.00,1.41,Atlanta Hawks,Indiana Pacers,100,110
2019-12-14,2.95,1.43,Miami Heat,Los Angeles Lakers,110,113
2019-12-14,3.23,1.37,Orlando Magic,Houston Rockets,107,130
2019-12-14,1.32,3.56,Philadelphia 76ers,New Orleans Pelicans,116,109
2019-12-13,1.31,3.59,Denver Nuggets,Portland Trail Blazers,114,99
2019-12-13,3.30,1.36,Detroit Pistons,Dallas Mavericks,111,122
2019-12-13,1.13,6.45,San Antonio Spurs,Cleveland Cavaliers,109,117 
2019-12-13,1.90,1.93,Boston Celtics,Philadelphia 76ers,109,115
2019-12-12,1.48,2.74,Golden State Warriors,New York Knicks,122,124 
2019-12-12,1.77,2.09,Sacramento Kings,Oklahoma City Thunder,94,93
2019-12-12,1.20,4.83,Milwaukee Bucks,New Orleans Pelicans,127,112
2019-12-12,1.33,3.45,Phoenix Suns,Memphis Grizzlies,108,115
2019-12-12,1.37,3.20,Chicago Bulls,Atlanta Hawks,136,102
2019-12-12,1.91,1.94,Minnesota Timberwolves,Utah Jazz,116,127
2019-12-12,1.18,5.14,Brooklyn Nets,Charlotte Hornets,108,113
2019-12-12,6.32,1.13,Cleveland Cavaliers,Houston Rockets,110,116
2019-12-12,1.82,2.02,Indiana Pacers,Boston Celtics,122,117
2019-12-12,4.27,1.24,Orlando Magic,Los Angeles Lakers,87,96
2019-12-12,2.28,1.66,Toronto Raptors,Los Angeles Clippers,92,112
2019-12-11,1.22,4.53,Portland Trail Blazers,New York Knicks,115,87
2019-12-11,1.26,4.02,Miami Heat,Atlanta Hawks,135,121 
2019-12-11,1.45,2.82,Philadelphia 76ers,Denver Nuggets,97,92
2019-12-11,2.04,1.81,Charlotte Hornets,Washington Wizards,114,107
2019-12-10,1.66,2.29,Golden State Warriors,Memphis Grizzlies,102,110
2019-12-10,1.63,2.35,Phoenix Suns,Minnesota Timberwolves,125,109
2019-12-10,1.25,4.08,Utah Jazz,Oklahoma City Thunder,90,104
2019-12-10,3.09,1.40,Chicago Bulls,Toronto Raptors,92,93
2019-12-10,1.12,6.81,Houston Rockets,Sacramento Kings,118,119
2019-12-10,1.10,7.67,Milwaukee Bucks,Orlando Magic,110,101
2019-12-10,1.91,1.92,New Orleans Pelicans,Detroit Pistons,103,105
2019-12-10,1.08,8.55,Boston Celtics,Cleveland Cavaliers,110,88
2019-12-10,1.70,2.24,Indiana Pacers,Los Angeles Clippers,99,110
2019-12-08,1.17,5.40,Los Angeles Lakers,Minnesota Timberwolves,142,125
2019-12-08,1.59,2.43,Portland Trail Blazers,Oklahoma City Thunder,96,108
2019-12-08,1.24,4.21,Dallas Mavericks,Sacramento Kings,106,110
2019-12-08,1.33,3.41,Miami Heat,Chicago Bulls,110,105 
2019-12-08,1.68,2.26,Philadelphia 76ers,Toronto Raptors,110,104
2019-12-08,4.49,1.22,Washington Wizards,Los Angeles Clippers,119,135
2019-12-08,1.78,2.08,Charlotte Hornets,Atlanta Hawks,107,122
2019-12-08,2.57,1.54,Brooklyn Nets,Denver Nuggets,105,102
2019-12-08,1.13,6.39,Utah Jazz,Memphis Grizzlies,126,112
2019-12-08,1.13,6.32,Houston Rockets,Phoenix Suns,115,109
2019-12-08,2.91,1.44,New York Knicks,Indiana Pacers,103,104
2019-12-08,1.15,5.93,Philadelphia 76ers,Cleveland Cavaliers,141,94
2019-12-07,1.22,4.53,Dallas Mavericks,New Orleans Pelicans,130,84
2019-12-07,2.62,1.52,Portland Trail Blazers,Los Angeles Lakers,113,136
2019-12-07,1.54,2.58,Milwaukee Bucks,Los Angeles Clippers,119,91
2019-12-07,1.56,2.52,San Antonio Spurs,Sacramento Kings,105,104 
2019-12-07,1.61,2.39,Boston Celtics,Denver Nuggets,108,95
2019-12-07,1.49,2.69,Chicago Bulls,Golden State Warriors,98,100
2019-12-07,1.20,4.84,Miami Heat,Washington Wizards,112,103
2019-12-07,1.60,2.42,Oklahoma City Thunder,Minnesota Timberwolves,139,127 
2019-12-07,2.29,1.66,Charlotte Hornets,Brooklyn Nets,104,111
2019-12-07,2.67,1.50,Cleveland Cavaliers,Orlando Magic,87,93
2019-12-07,2.01,1.84,Detroit Pistons,Indiana Pacers,108,101
2019-12-05,1.55,2.53,New Orleans Pelicans,Phoenix Suns,132,139 
2019-12-05,4.15,1.25,New York Knicks,Denver Nuggets,92,129
2019-12-05,1.79,2.07,Toronto Raptors,Houston Rockets,109,119
2019-12-05,3.80,1.28,Washington Wizards,Philadelphia 76ers,119,113
2019-12-05,1.49,2.72,Portland Trail Blazers,Sacramento Kings,127,116
2019-12-05,1.77,2.11,Utah Jazz,Los Angeles Lakers,96,121
2019-12-05,1.46,2.79,Dallas Mavericks,Minnesota Timberwolves,121,114
2019-12-05,1.36,3.29,Chicago Bulls,Memphis Grizzlies,106,99
2019-12-05,1.98,1.86,Oklahoma City Thunder,Indiana Pacers,100,107
2019-12-05,2.25,1.67,Atlanta Hawks,Brooklyn Nets,118,130
2019-12-05,1.45,2.87,Boston Celtics,Miami Heat,112,93
2019-12-05,1.73,2.17,Charlotte Hornets,Golden State Warriors,106,91
2019-12-05,4.42,1.23,Detroit Pistons,Milwaukee Bucks,103,127
2019-12-05,2.04,1.81,Orlando Magic,Phoenix Suns,128,114
2019-12-04,1.22,4.53,Los Angeles Clippers,Portland Trail Blazers,117,97
2019-12-04,1.74,2.15,Denver Nuggets,Los Angeles Lakers,96,105
2019-12-04,3.43,1.33,San Antonio Spurs,Houston Rockets,135,133 
2019-12-04,2.65,1.51,New Orleans Pelicans,Dallas Mavericks,97,118
2019-12-04,1.45,2.83,Toronto Raptors,Miami Heat,110,121 
2019-12-04,2.33,1.64,Cleveland Cavaliers,Detroit Pistons,94,127
2019-12-04,1.91,1.93,Washington Wizards,Orlando Magic,120,127
2019-12-03,1.51,2.65,Sacramento Kings,Chicago Bulls,106,113
2019-12-03,4.79,1.20,Memphis Grizzlies,Indiana Pacers,104,117
2019-12-03,1.04,12.73,Milwaukee Bucks,New York Knicks,132,88
2019-12-03,1.38,3.14,Atlanta Hawks,Golden State Warriors,104,79
2019-12-03,2.42,1.60,Charlotte Hornets,Phoenix Suns,104,109
2019-12-03,1.47,2.80,Philadelphia 76ers,Utah Jazz,103,94
2019-12-02,1.11,7.21,Los Angeles Clippers,Washington Wizards,150,125
2019-12-02,1.28,3.82,Orlando Magic,Golden State Warriors,100,96
2019-12-02,1.77,2.09,Toronto Raptors,Utah Jazz,130,110
2019-12-02,1.70,2.21,Detroit Pistons,San Antonio Spurs,132,98
2019-12-02,1.70,2.22,New Orleans Pelicans,Oklahoma City Thunder,104,107
2019-12-02,1.37,3.21,Los Angeles Lakers,Dallas Mavericks,100,114
2019-12-02,1.12,6.72,Minnesota Timberwolves,Memphis Grizzlies,107,115
2019-12-02,3.65,1.30,New York Knicks,Boston Celtics,104,113
2019-12-02,2.53,1.55,Brooklyn Nets,Miami Heat,106,109
2019-11-30,1.08,8.87,Houston Rockets,Atlanta Hawks,158,111
2019-11-30,1.08,8.79,Milwaukee Bucks,Charlotte Hornets,137,96
2019-11-30,1.38,3.17,Philadelphia 76ers,Indiana Pacers,119,116
2019-11-30,2.47,1.57,Sacramento Kings,Denver Nuggets,100,97 
2019-11-30,1.13,6.45,Los Angeles Lakers,Washington Wizards,125,103
2019-11-30,1.33,3.42,Portland Trail Blazers,Chicago Bulls,107,103
2019-11-30,2.14,1.75,Phoenix Suns,Dallas Mavericks,113,120
2019-11-30,2.88,1.44,San Antonio Spurs,Los Angeles Clippers,107,97
2019-11-30,1.15,5.82,Indiana Pacers,Atlanta Hawks,105,104 
2019-11-30,3.57,1.32,Memphis Grizzlies,Utah Jazz,94,103
2019-11-30,1.13,6.40,Miami Heat,Golden State Warriors,122,105
2019-11-30,1.51,2.65,Oklahoma City Thunder,New Orleans Pelicans,109,104
2019-11-30,6.50,1.12,Cleveland Cavaliers,Milwaukee Bucks,110,119
2019-11-30,3.15,1.38,New York Knicks,Philadelphia 76ers,95,101
2019-11-30,1.27,3.89,Detroit Pistons,Charlotte Hornets,107,110
2019-11-30,2.31,1.64,Orlando Magic,Toronto Raptors,83,90
2019-11-30,2.60,1.53,Brooklyn Nets,Boston Celtics,112,107
2019-11-28,2.15,1.73,Golden State Warriors,Chicago Bulls,104,90
2019-11-28,1.70,2.21,Portland Trail Blazers,Oklahoma City Thunder,136,119
2019-11-28,3.39,1.33,New Orleans Pelicans,Los Angeles Lakers,110,114
2019-11-28,1.35,3.36,Phoenix Suns,Washington Wizards,132,140
2019-11-28,1.66,2.29,San Antonio Spurs,Minnesota Timberwolves,101,113
2019-11-28,1.31,3.60,Houston Rockets,Miami Heat,117,108
2019-11-28,3.23,1.37,Memphis Grizzlies,Los Angeles Clippers,119,121
2019-11-28,1.07,9.79,Milwaukee Bucks,Atlanta Hawks,111,102
2019-11-28,1.19,4.91,Toronto Raptors,New York Knicks,126,98
2019-11-28,1.26,4.04,Boston Celtics,Brooklyn Nets,121,110
2019-11-28,2.50,1.57,Charlotte Hornets,Detroit Pistons,102,101
2019-11-28,1.91,1.93,Cleveland Cavaliers,Orlando Magic,104,116
2019-11-28,1.85,2.00,Indiana Pacers,Utah Jazz,121,102
2019-11-28,1.21,4.66,Philadelphia 76ers,Sacramento Kings,97,91
2019-11-26,1.19,5.05,Denver Nuggets,Washington Wizards,117,104
2019-11-26,2.04,1.81,Dallas Mavericks,Los Angeles Clippers,99,114
2019-11-26,3.45,1.33,Golden State Warriors,Oklahoma City Thunder,97,100
2019-11-26,2.62,1.52,San Antonio Spurs,Los Angeles Lakers,104,114
2019-11-26,1.95,1.88,Chicago Bulls,Portland Trail Blazers,94,117
2019-11-26,1.22,4.43,Milwaukee Bucks,Utah Jazz,122,118
2019-11-26,2.60,1.53,Atlanta Hawks,Minnesota Timberwolves,113,125
2019-11-26,1.40,3.08,Boston Celtics,Sacramento Kings,103,102
2019-11-26,1.16,5.46,Miami Heat,Charlotte Hornets,117,100
2019-11-26,2.08,1.78,Toronto Raptors,Philadelphia 76ers,101,96
2019-11-26,1.86,1.98,Cleveland Cavaliers,Brooklyn Nets,106,108
2019-11-26,1.53,2.59,Detroit Pistons,Orlando Magic,103,88
2019-11-26,1.20,4.72,Indiana Pacers,Memphis Grizzlies,126,114
2019-11-24,1.10,7.63,Los Angeles Clippers,New Orleans Pelicans,134,109
2019-11-24,1.15,5.78,Denver Nuggets,Phoenix Suns,116,104
2019-11-24,2.15,1.73,New York Knicks,Brooklyn Nets,101,103
2019-11-24,1.75,2.14,Washington Wizards,Sacramento Kings,106,113
2019-11-24,1.45,2.86,Houston Rockets,Dallas Mavericks,123,137
2019-11-23,1.44,2.89,Utah Jazz,New Orleans Pelicans,128,120
2019-11-23,1.09,8.26,Milwaukee Bucks,Detroit Pistons,104,90
2019-11-23,3.13,1.39,Cleveland Cavaliers,Portland Trail Blazers,110,104
2019-11-23,3.73,1.29,Memphis Grizzlies,Los Angeles Lakers,108,109
2019-11-23,3.46,1.33,Atlanta Hawks,Toronto Raptors,116,119
2019-11-23,2.23,1.68,New York Knicks,San Antonio Spurs,104,111
2019-11-23,1.44,2.87,Philadelphia 76ers,Miami Heat,113,86
2019-11-23,2.08,1.79,Charlotte Hornets,Chicago Bulls,115,116
2019-11-23,1.38,3.18,Indiana Pacers,Orlando Magic,111,106
2019-11-23,1.53,2.61,Minnesota Timberwolves,Phoenix Suns,98,100
2019-11-23,1.47,2.78,Los Angeles Clippers,Houston Rockets,122,119
2019-11-23,1.46,2.79,Denver Nuggets,Boston Celtics,96,92
2019-11-23,1.05,11.31,Utah Jazz,Golden State Warriors,113,109
2019-11-23,1.19,5.07,Dallas Mavericks,Cleveland Cavaliers,143,101
2019-11-23,2.57,1.53,Chicago Bulls,Miami Heat,108,116
2019-11-23,2.65,1.51,Oklahoma City Thunder,Los Angeles Lakers,127,130
2019-11-23,1.33,3.45,Philadelphia 76ers,San Antonio Spurs,115,104
2019-11-23,1.78,2.09,Brooklyn Nets,Sacramento Kings,116,97
2019-11-23,1.38,3.17,Detroit Pistons,Atlanta Hawks,128,103
2019-11-23,1.43,2.92,Washington Wizards,Charlotte Hornets,125,118
2019-11-22,1.64,2.32,Phoenix Suns,New Orleans Pelicans,121,124
2019-11-22,1.09,8.06,Milwaukee Bucks,Portland Trail Blazers,137,129
2019-11-21,1.33,3.48,Los Angeles Clippers,Boston Celtics,107,104 
2019-11-21,1.84,1.99,Denver Nuggets,Houston Rockets,105,95
2019-11-21,1.93,1.92,Chicago Bulls,Detroit Pistons,109,89
2019-11-21,2.29,1.66,Minnesota Timberwolves,Utah Jazz,95,103
2019-11-21,5.90,1.14,Atlanta Hawks,Milwaukee Bucks,127,135
2019-11-21,1.55,2.54,Brooklyn Nets,Charlotte Hornets,101,91
2019-11-21,1.08,8.55,Dallas Mavericks,Golden State Warriors,142,94
2019-11-21,1.20,4.76,Miami Heat,Cleveland Cavaliers,124,100
2019-11-21,1.66,2.29,Toronto Raptors,Orlando Magic,113,97
2019-11-21,1.11,7.06,Philadelphia 76ers,New York Knicks,109,104
2019-11-21,2.11,1.76,Washington Wizards,San Antonio Spurs,138,132
2019-11-20,1.16,5.65,Los Angeles Lakers,Oklahoma City Thunder,112,107
2019-11-20,1.68,2.23,Sacramento Kings,Phoenix Suns,120,116
2019-11-20,1.39,3.09,Memphis Grizzlies,Golden State Warriors,95,114
2019-11-20,1.64,2.32,New Orleans Pelicans,Portland Trail Blazers,115,104
2019-11-19,1.28,3.77,Los Angeles Clippers,Oklahoma City Thunder,90,88
2019-11-19,1.71,2.21,Phoenix Suns,Boston Celtics,85,99
2019-11-19,1.22,4.53,Utah Jazz,Minnesota Timberwolves,102,112
2019-11-19,1.51,2.66,Dallas Mavericks,San Antonio Spurs,117,110
2019-11-19,3.88,1.27,Chicago Bulls,Milwaukee Bucks,101,115
2019-11-19,1.30,3.66,Houston Rockets,Portland Trail Blazers,132,108
2019-11-19,1.74,2.14,Brooklyn Nets,Indiana Pacers,86,115
2019-11-19,1.26,4.01,Toronto Raptors,Charlotte Hornets,132,96
2019-11-19,1.45,2.84,New York Knicks,Cleveland Cavaliers,123,105
2019-11-17,1.07,8.98,Los Angeles Lakers,Atlanta Hawks,122,101
2019-11-17,1.59,2.42,New Orleans Pelicans,Golden State Warriors,108,100
2019-11-17,3.09,1.40,Memphis Grizzlies,Denver Nuggets,114,131
2019-11-17,1.42,2.99,Orlando Magic,Washington Wizards,125,121
2019-11-17,2.24,1.69,Sacramento Kings,Boston Celtics,100,99
2019-11-17,3.33,1.35,Cleveland Cavaliers,Philadelphia 76ers,95,114
2019-11-17,1.21,4.65,Los Angeles Clippers,Atlanta Hawks,150,101
2019-11-17,1.54,2.56,Dallas Mavericks,Toronto Raptors,110,102
2019-11-16,1.82,2.03,San Antonio Spurs,Portland Trail Blazers,116,121
2019-11-16,1.29,3.72,Miami Heat,New Orleans Pelicans,109,94
2019-11-16,1.73,2.16,Minnesota Timberwolves,Houston Rockets,105,125
2019-11-16,1.57,2.47,New York Knicks,Charlotte Hornets,102,103
2019-11-16,3.73,1.29,Indiana Pacers,Milwaukee Bucks,83,102
2019-11-16,1.58,2.45,Chicago Bulls,Brooklyn Nets,111,117
2019-11-16,3.38,1.34,Golden State Warriors,Boston Celtics,100,105
2019-11-16,1.17,5.34,Los Angeles Lakers,Sacramento Kings,99,97
2019-11-16,1.40,3.07,Houston Rockets,Indiana Pacers,111,102
2019-11-16,3.61,1.30,Memphis Grizzlies,Utah Jazz,107,106
2019-11-16,1.43,2.93,Minnesota Timberwolves,Washington Wizards,116,137
2019-11-16,2.38,1.62,Oklahoma City Thunder,Philadelphia 76ers,127,119 
2019-11-16,2.41,1.60,Charlotte Hornets,Detroit Pistons,109,106
2019-11-16,1.70,2.21,Orlando Magic,San Antonio Spurs,111,109
2019-11-15,1.30,3.73,Denver Nuggets,Brooklyn Nets,101,93
2019-11-15,1.29,3.76,Phoenix Suns,Atlanta Hawks,128,112
2019-11-15,1.12,6.57,Milwaukee Bucks,Chicago Bulls,124,115
2019-11-15,2.50,1.56,New Orleans Pelicans,Los Angeles Clippers,132,127
2019-11-15,3.63,1.30,New York Knicks,Dallas Mavericks,106,103
2019-11-15,2.64,1.51,Cleveland Cavaliers,Miami Heat,97,108
2019-11-14,1.25,4.16,Los Angeles Lakers,Golden State Warriors,120,94
2019-11-14,1.69,2.25,Portland Trail Blazers,Toronto Raptors,106,114
2019-11-14,1.82,2.04,Minnesota Timberwolves,San Antonio Spurs,129,114
2019-11-14,1.32,3.53,Boston Celtics,Washington Wizards,140,133
2019-11-14,1.73,2.16,Houston Rockets,Los Angeles Clippers,102,93
2019-11-14,1.72,2.17,Charlotte Hornets,Memphis Grizzlies,117,119
2019-11-14,1.73,2.16,Orlando Magic,Philadelphia 76ers,112,97
2019-11-13,2.04,1.81,Sacramento Kings,Portland Trail Blazers,107,99
2019-11-13,1.16,5.55,Denver Nuggets,Atlanta Hawks,121,125
2019-11-13,2.44,1.58,Phoenix Suns,Los Angeles Lakers,115,123
2019-11-13,1.36,3.28,Utah Jazz,Brooklyn Nets,119,114
2019-11-13,1.38,3.19,Chicago Bulls,New York Knicks,120,102
2019-11-13,1.25,4.14,Miami Heat,Detroit Pistons,117,108
2019-11-13,1.85,2.00,Indiana Pacers,Oklahoma City Thunder,111,85
2019-11-13,1.16,5.69,Philadelphia 76ers,Cleveland Cavaliers,98,97
2019-11-12,3.77,1.29,Golden State Warriors,Utah Jazz,108,122
2019-11-12,1.22,4.55,Los Angeles Clippers,Toronto Raptors,98,88
2019-11-12,3.51,1.32,New Orleans Pelicans,Houston Rockets,116,122
2019-11-12,1.66,2.30,Boston Celtics,Dallas Mavericks,116,106
2019-11-12,1.16,5.55,San Antonio Spurs,Memphis Grizzlies,109,113
2019-11-12,1.58,2.46,Detroit Pistons,Minnesota Timberwolves,114,120
2019-11-10,1.18,5.20,Los Angeles Lakers,Toronto Raptors,104,113
2019-11-10,1.23,4.34,Portland Trail Blazers,Atlanta Hawks,124,113 
2019-11-10,1.70,2.21,Phoenix Suns,Brooklyn Nets,138,112
2019-11-10,1.77,2.10,New York Knicks,Cleveland Cavaliers,87,108
2019-11-10,4.28,1.23,Oklahoma City Thunder,Milwaukee Bucks,119,121
2019-11-10,1.50,2.67,Orlando Magic,Indiana Pacers,102,109
2019-11-10,1.08,8.85,Philadelphia 76ers,Charlotte Hornets,114,106
2019-11-10,2.45,1.58,Minnesota Timberwolves,Denver Nuggets,98,100 
2019-11-09,1.12,6.66,Oklahoma City Thunder,Golden State Warriors,114,108
2019-11-09,3.32,1.35,Chicago Bulls,Houston Rockets,94,117
2019-11-09,2.89,1.43,Memphis Grizzlies,Dallas Mavericks,122,138
2019-11-09,2.07,1.79,Charlotte Hornets,New Orleans Pelicans,110,115
2019-11-09,1.76,2.11,San Antonio Spurs,Boston Celtics,115,135
2019-11-09,1.27,3.94,Los Angeles Lakers,Miami Heat,95,80
2019-11-09,1.63,2.34,Portland Trail Blazers,Brooklyn Nets,115,119
2019-11-09,1.48,2.77,Denver Nuggets,Philadelphia 76ers,100,97
2019-11-09,2.12,1.74,Utah Jazz,Milwaukee Bucks,103,100
2019-11-09,1.15,5.72,Dallas Mavericks,New York Knicks,102,106
2019-11-09,1.13,6.25,Minnesota Timberwolves,Golden State Warriors,125,119 
2019-11-09,2.14,1.75,New Orleans Pelicans,Toronto Raptors,104,122
2019-11-09,2.25,1.68,Atlanta Hawks,Sacramento Kings,109,121
2019-11-09,1.40,3.07,Indiana Pacers,Detroit Pistons,112,106
2019-11-09,1.31,3.58,Orlando Magic,Memphis Grizzlies,118,86
2019-11-09,1.50,2.67,Washington Wizards,Cleveland Cavaliers,100,113
2019-11-08,1.44,2.89,Los Angeles Clippers,Portland Trail Blazers,107,101
2019-11-08,1.81,2.04,Phoenix Suns,Miami Heat,108,124
2019-11-08,1.50,2.68,San Antonio Spurs,Oklahoma City Thunder,121,112
2019-11-08,3.45,1.33,Charlotte Hornets,Boston Celtics,87,108
2019-11-07,3.07,1.39,Los Angeles Clippers,Milwaukee Bucks,124,129
2019-11-07,1.74,2.15,Utah Jazz,Philadelphia 76ers,106,104
2019-11-07,1.34,3.39,Dallas Mavericks,Orlando Magic,107,106
2019-11-07,2.41,1.60,Memphis Grizzlies,Minnesota Timberwolves,137,121
2019-11-07,1.91,1.92,Atlanta Hawks,Chicago Bulls,93,113
2019-11-07,1.05,12.18,Houston Rockets,Golden State Warriors,129,112
2019-11-07,1.28,3.89,Toronto Raptors,Sacramento Kings,124,120
2019-11-07,1.60,2.41,Detroit Pistons,New York Knicks,122,102
2019-11-07,1.67,2.27,Indiana Pacers,Washington Wizards,121,106
2019-11-05,1.48,2.73,Denver Nuggets,Miami Heat,109,89
2019-11-05,3.44,1.33,Chicago Bulls,Los Angeles Lakers,112,118
2019-11-05,1.67,2.26,Oklahoma City Thunder,Orlando Magic,102,94
2019-11-05,2.95,1.42,Atlanta Hawks,San Antonio Spurs,108,100
2019-11-05,2.17,1.72,Charlotte Hornets,Indiana Pacers,122,120 
2019-11-05,3.04,1.40,Cleveland Cavaliers,Boston Celtics,113,119
2019-11-05,6.63,1.12,Golden State Warriors,Portland Trail Blazers,127,118
2019-11-05,1.91,1.92,Phoenix Suns,Philadelphia 76ers,114,109
2019-11-05,2.97,1.42,Memphis Grizzlies,Houston Rockets,100,107
2019-11-05,3.61,1.30,Minnesota Timberwolves,Milwaukee Bucks,106,134
2019-11-05,1.60,2.41,Brooklyn Nets,New Orleans Pelicans,135,125
2019-11-05,1.59,2.43,Washington Wizards,Detroit Pistons,115,99
2019-11-03,1.52,2.60,Los Angeles Clippers,Utah Jazz,105,94
2019-11-03,2.81,1.45,Cleveland Cavaliers,Dallas Mavericks,111,131
2019-11-03,2.03,1.81,San Antonio Spurs,Los Angeles Lakers,96,103
2019-11-03,2.30,1.64,Miami Heat,Houston Rockets,129,100
2019-11-03,2.03,1.82,New York Knicks,Sacramento Kings,92,113
2019-11-03,1.77,2.10,Indiana Pacers,Chicago Bulls,108,95
2019-11-02,1.94,1.90,Portland Trail Blazers,Philadelphia 76ers,128,129
2019-11-02,3.02,1.40,Golden State Warriors,Charlotte Hornets,87,93
2019-11-02,2.26,1.67,Memphis Grizzlies,Phoenix Suns,105,114
2019-11-02,1.67,2.26,Washington Wizards,Minnesota Timberwolves,109,131
2019-11-02,1.39,3.12,Milwaukee Bucks,Toronto Raptors,115,105
2019-11-02,2.51,1.56,Detroit Pistons,Brooklyn Nets,113,109
2019-11-02,2.44,1.58,Orlando Magic,Denver Nuggets,87,91
2019-11-02,1.73,2.16,Oklahoma City Thunder,New Orleans Pelicans,115,104
2019-11-01,3.38,1.34,Golden State Warriors,San Antonio Spurs,110,127
2019-11-01,2.60,1.53,Sacramento Kings,Utah Jazz,102,101
2019-11-01,1.92,1.92,Dallas Mavericks,Los Angeles Lakers,110,119 
2019-11-01,1.56,2.51,Chicago Bulls,Detroit Pistons,112,106
2019-11-01,1.19,4.89,Boston Celtics,New York Knicks,104,102
2019-11-01,2.59,1.53,Brooklyn Nets,Houston Rockets,123,116
2019-11-01,1.34,3.35,Indiana Pacers,Cleveland Cavaliers,102,95
2019-11-01,2.56,1.54,Orlando Magic,Milwaukee Bucks,91,123
2019-10-31,1.52,2.63,Los Angeles Clippers,San Antonio Spurs,103,97
2019-10-31,2.41,1.60,New Orleans Pelicans,Denver Nuggets,122,107
2019-10-31,3.14,1.38,Atlanta Hawks,Miami Heat,97,106
2019-10-30,1.46,2.81,Golden State Warriors,Phoenix Suns,110,121
2019-10-30,1.32,3.53,Sacramento Kings,Charlotte Hornets,111,118
2019-10-30,1.36,3.24,Utah Jazz,Los Angeles Clippers,110,96
2019-10-30,2.04,1.81,Oklahoma City Thunder,Portland Trail Blazers,99,102
2019-10-30,3.77,1.29,Washington Wizards,Houston Rockets,158,159
2019-10-30,2.36,1.62,Boston Celtics,Milwaukee Bucks,116,105
2019-10-30,1.66,2.30,Brooklyn Nets,Indiana Pacers,108,118
2019-10-30,1.22,4.58,Toronto Raptors,Detroit Pistons,125,113
2019-10-30,2.08,1.79,Cleveland Cavaliers,Chicago Bulls,117,111
2019-10-30,1.20,4.82,Orlando Magic,New York Knicks,95,83
2019-10-30,1.33,3.41,Philadelphia 76ers,Minnesota Timberwolves,117,95
2019-10-29,1.12,6.57,Los Angeles Lakers,Memphis Grizzlies,120,91
2019-10-29,1.45,2.84,Denver Nuggets,Dallas Mavericks,106,109
2019-10-29,1.26,4.02,Miami Heat,Atlanta Hawks,112,97
2019-10-28,1.05,12.24,Los Angeles Clippers,Charlotte Hornets,111,96
2019-10-28,2.65,1.51,Phoenix Suns,Utah Jazz,95,96
2019-10-28,2.72,1.48,Sacramento Kings,Denver Nuggets,94,101
2019-10-28,1.41,3.00,San Antonio Spurs,Portland Trail Blazers,113,110
2019-10-28,1.18,5.19,Houston Rockets,Oklahoma City Thunder,116,112
2019-10-28,1.04,12.31,Milwaukee Bucks,Cleveland Cavaliers,129,112
2019-10-28,1.74,2.15,New Orleans Pelicans,Golden State Warriors,123,134
2019-10-28,3.22,1.37,Atlanta Hawks,Philadelphia 76ers,103,105
2019-10-28,1.51,2.65,Toronto Raptors,Orlando Magic,104,95
2019-10-28,2.04,1.81,Detroit Pistons,Indiana Pacers,96,94
2019-10-28,2.08,1.78,New York Knicks,Chicago Bulls,105,98
2019-10-27,1.08,8.76,Los Angeles Lakers,Charlotte Hornets,120,101
2019-10-27,1.70,2.21,Dallas Mavericks,Portland Trail Blazers,119,121
2019-10-27,1.35,3.32,Minnesota Timberwolves,Miami Heat,116,109
2019-10-27,2.53,1.55,Memphis Grizzlies,Brooklyn Nets,134,133 
2019-10-27,1.96,1.88,Oklahoma City Thunder,Golden State Warriors,120,92
2019-10-26,5.11,1.18,Phoenix Suns,Los Angeles Clippers,130,122
2019-10-26,1.11,6.52,San Antonio Spurs,Washington Wizards,124,122
2019-10-26,2.44,1.65,Cleveland Cavaliers,Indiana Pacers,110,99
2019-10-26,1.11,6.81,Houston Rockets,New Orleans Pelicans,126,123
2019-10-26,1.19,4.90,Utah Jazz,Sacramento Kings,113,81
2019-10-26,2.15,1.71,Chicago Bulls,Toronto Raptors,84,108
2019-10-26,2.14,1.74,Atlanta Hawks,Orlando Magic,103,99
2019-10-26,2.76,1.47,New York Knicks,Boston Celtics,95,118
2019-10-26,2.46,1.58,Detroit Pistons,Philadelphia 76ers,111,117
2019-10-26,1.13,6.53,Milwaukee Bucks,Miami Heat,126,131 
2019-10-25,1.63,2.34,Los Angeles Lakers,Utah Jazz,95,86
2019-10-25,2.00,1.84,Sacramento Kings,Portland Trail Blazers,112,122
2019-10-25,1.12,6.79,Denver Nuggets,Phoenix Suns,108,107 
2019-10-25,2.11,1.76,Memphis Grizzlies,Chicago Bulls,102,110
2019-10-25,1.76,2.11,New Orleans Pelicans,Dallas Mavericks,116,123
2019-10-25,1.25,4.10,Oklahoma City Thunder,Washington Wizards,85,97
2019-10-25,1.28,3.78,Brooklyn Nets,New York Knicks,113,109
2019-10-25,1.71,2.20,Boston Celtics,Toronto Raptors,112,106
2019-10-25,2.78,1.47,Charlotte Hornets,Minnesota Timberwolves,99,121
2019-10-24,1.96,1.88,Golden State Warriors,Los Angeles Clippers,122,141
2019-10-24,1.84,2.00,Houston Rockets,Milwaukee Bucks,111,117
2019-10-24,1.83,2.01,Detroit Pistons,Atlanta Hawks,100,117
2019-10-23,1.89,1.96,Phoenix Suns,Sacramento Kings,124,95
2019-10-23,2.01,1.84,Portland Trail Blazers,Denver Nuggets,100,108
2019-10-23,1.23,4.31,Utah Jazz,Oklahoma City Thunder,100,95
2019-10-23,1.23,4.42,Dallas Mavericks,Washington Wizards,108,100
2019-10-23,1.16,5.55,San Antonio Spurs,New York Knicks,120,111
2019-10-23,1.63,2.33,Brooklyn Nets,Minnesota Timberwolves,126,127 
2019-10-23,1.35,3.30,Miami Heat,Memphis Grizzlies,120,101
2019-10-23,1.41,3.00,Philadelphia 76ers,Boston Celtics,107,93
2019-10-23,2.38,1.62,Charlotte Hornets,Chicago Bulls,126,125
2019-10-23,1.33,3.44,Indiana Pacers,Detroit Pistons,110,119
2019-10-23,1.20,4.90,Orlando Magic,Cleveland Cavaliers,94,85
2019-10-22,2.39,1.61,Los Angeles Clippers,Los Angeles Lakers,112,102
2019-10-22,1.36,3.26,Toronto Raptors,New Orleans Pelicans,130,122 
2019-10-18,1.29,3.59,Golden State Warriors,Los Angeles Lakers,124,103
2019-10-18,1.36,3.11,San Antonio Spurs,Memphis Grizzlies,104,91
2019-10-18,3.07,1.37,Miami Heat,Houston Rockets,133,144
2019-10-18,2.08,1.74,New York Knicks,New Orleans Pelicans,116,117
2019-10-18,1.66,2.21,Brooklyn Nets,Toronto Raptors,107,123
2019-10-18,1.21,4.36,Philadelphia 76ers,Washington Wizards,93,112
2019-10-17,1.70,2.15,Los Angeles Clippers,Dallas Mavericks,87,102
2019-10-17,1.24,4.03,Denver Nuggets,Portland Trail Blazers,110,104
2019-10-17,1.39,2.99,Chicago Bulls,Atlanta Hawks,111,93
2019-10-17,1.27,3.69,Milwaukee Bucks,Minnesota Timberwolves,118,96
2019-10-17,1.83,1.96,Orlando Magic,Miami Heat,98,107
2019-10-16,1.32,3.39,Los Angeles Lakers,Golden State Warriors,126,93
2019-10-16,1.52,2.52,Utah Jazz,Portland Trail Blazers,118,126
2019-10-16,1.31,3.42,Houston Rockets,San Antonio Spurs,114,128
2019-10-16,1.74,2.08,New York Knicks,Atlanta Hawks,96,100
2019-10-16,1.44,2.77,Oklahoma City Thunder,Memphis Grizzlies,119,124
2019-10-16,1.62,2.29,Charlotte Hornets,Detroit Pistons,110,116
2019-10-15,1.48,2.64,Cleveland Cavaliers,Boston Celtics,95,118
2019-10-15,1.47,2.69,Indiana Pacers,Minnesota Timberwolves,111,119
2019-10-15,1.38,3.01,Philadelphia 76ers,Detroit Pistons,106,86
2019-10-14,2.35,1.58,Los Angeles Lakers,Golden State Warriors,104,98
2019-10-14,2.76,1.44,Phoenix Suns,Denver Nuggets,102,107
2019-10-14,1.43,2.84,Utah Jazz,Sacramento Kings,115,128
2019-10-14,1.44,2.78,Dallas Mavericks,Oklahoma City Thunder,107,70
2019-10-14,1.51,2.55,Memphis Grizzlies,Charlotte Hornets,99,120
2019-10-14,1.45,2.72,Miami Heat,Atlanta Hawks,120,87
2019-10-13,2.40,1.57,Orlando Magic,Philadelphia 76ers,94,126
2019-10-13,1.59,2.36,Toronto Raptors,Chicago Bulls,91,105
2019-10-13,2.56,1.50,Washington Wizards,Milwaukee Bucks,108,115
2019-10-13,1.92,1.87,San Antonio Spurs,New Orleans Pelicans,114,123
2019-10-13,1.39,2.99,Boston Celtics,Cleveland Cavaliers,118,72
2019-10-12,1.36,3.14,Portland Trail Blazers,Phoenix Suns,118,134
2019-10-12,2.67,1.46,Brooklyn Nets,Los Angeles Lakers,91,77
2019-10-11,2.56,1.51,Dallas Mavericks,Milwaukee Bucks,111,118
2019-10-11,1.86,1.93,New Orleans Pelicans,Utah Jazz,128,127
2019-10-11,2.72,1.46,Charlotte Hornets,Philadelphia 76ers,87,100
2019-10-11,1.50,2.61,New York Knicks,Washington Wizards,99,115
2019-10-11,1.61,2.33,Detroit Pistons,Cleveland Cavaliers,109,105
2019-10-11,1.34,3.24,Indiana Pacers,Chicago Bulls,105,87
2019-10-11,2.00,1.80,Orlando Magic,Boston Celtics,75,100
2019-10-10,1.68,2.17,Golden State Warriors,Minnesota Timberwolves,143,123
2019-10-10,2.64,1.47,Los Angeles Clippers,Denver Nuggets,91,111
2019-10-10,1.51,2.53,Sacramento Kings,Phoenix Suns,105,88
2019-10-10,1.52,2.50,Los Angeles Lakers,Brooklyn Nets,111,114
2019-10-10,1.48,2.64,Houston Rockets,Toronto Raptors,118,111
2019-10-09,2.60,1.49,Chicago Bulls,New Orleans Pelicans,125,127
2019-10-09,1.48,2.62,Milwaukee Bucks,Utah Jazz,133,99
2019-10-09,2.23,1.64,Atlanta Hawks,Orlando Magic,88,97
2019-10-09,1.48,2.65,Charlotte Hornets,Miami Heat,94,108
2019-10-09,2.17,1.68,Detroit Pistons,Dallas Mavericks,124,117
2019-10-08,1.56,2.42,Portland Trail Blazers,Denver Nuggets,94,105
2019-10-08,2.41,1.57,Phoenix Suns,Minnesota Timberwolves,111,106
2019-10-08,2.35,1.58,Oklahoma City Thunder,Dallas Mavericks,119,104
2019-10-08,1.57,2.39,Miami Heat,San Antonio Spurs,107,89
2019-10-08,2.81,1.42,Toronto Raptors,Houston Rockets,134,129
2019-10-07,2.11,1.71,Chicago Bulls,Milwaukee Bucks,112,122
2019-10-07,1.95,1.84,Atlanta Hawks,New Orleans Pelicans,109,133
2019-10-07,2.08,1.74,Detroit Pistons,Orlando Magic,91,115
2019-10-07,2.01,1.78,Washington Wizards,New York Knicks,99,104
2019-10-06,1.44,2.77,Boston Celtics,Charlotte Hornets,107,106
2019-10-05,1.35,3.18,San Antonio Spurs,Orlando Magic,89,125
2019-10-05,2.48,1.54,Golden State Warriors,Los Angeles Lakers,101,123
2019-10-05,2.43,1.55,Indiana Pacers,Sacramento Kings,130,106
2019-10-04,1.48,2.64,Sacramento Kings,Indiana Pacers,131,132 
2019-10-04,2.58,1.50,Los Angeles Clippers,Houston Rockets,96,109
